date,location,population,new_cases,total_cases,new_deaths,total_deaths,new_vaccinations,total_vaccinations
2023-04-06,Kosovo,1800000,,704210,4.0,7851,1026.0,563705.0
2020-07-03,Kosovo,1800000,647.0,76699,7.0,828,0.0,0.0
2023-05-04,Kosovo,1800000,363.0,713675,4.0,7950,1162.0,593202.0
2020-03-08,Kosovo,1800000,300.0,28323,4.0,307,0.0,0.0
2020-08-08,Kosovo,1800000,762.0,102281,,1121,0.0,0.0
2021-05-09,Kosovo,1800000,384.0,271235,4.0,3008,195.0,9514.0
2021-03-06,Kosovo,1800000,287.0,249996,3.0,2786,72.0,
2020-08-28,Kosovo,1800000,830.0,118227,9.0,1302,0.0,0.0
2020-08-06,Kosovo,1800000,775.0,100799,8.0,1104,0.0,0.0
2020-02-19,Kosovo,1800000,325.0,22675,3.0,248,0.0,0.0
2021-10-26,Kosovo,1800000,876.0,393391,10.0,4390,446.0,73058.0
2022-04-21,Kosovo,1800000,271.0,487231,3.0,5431,952.0,203467.0
2021-09-09,Kosovo,1800000,889.0,350644,10.0,3897,410.0,49291.0
2020-12-27,Kosovo,1800000,622.0,220338,7.0,2463,0.0,0.0
2023-11-20,Kosovo,1800000,853.0,859291,10.0,9591,1193.0,799227.0
2023-12-20,Kosovo,1800000,709.0,882538,,9858,1049.0,830854.0
2021-11-26,Kosovo,1800000,834.0,420027,9.0,4694,,90315.0
2023-04-04,Kosovo,1800000,294.0,703585,2.0,7844,1186.0,561507.0
2020-09-28,Kosovo,1800000,924.0,145349,11.0,1607,0.0,0.0
2022-11-19,Kosovo,1800000,845.0,636184,10.0,7105,1099.0,419535.0
2020-09-16,Kosovo,1800000,892.0,134548,11.0,1487,,0.0
2021-03-04,Kosovo,1800000,253.0,249402,2.0,2779,,866.0
2022-10-21,Kosovo,1800000,930.0,610853,11.0,6817,906.0,389805.0
2020-10-04,Kosovo,1800000,926.0,150857,10.0,1669,0.0,0.0
2022-11-27,Kosovo,1800000,817.0,642801,10.0,7180,970.0,427637.0
2023-01-18,Kosovo,1800000,495.0,677238,5.0,7570,963.0,482344.0
2021-10-31,Kosovo,1800000,888.0,397869,11.0,4441,547.0,75757.0
2021-09-11,Kosovo,1800000,869.0,352395,10.0,3918,478.0,50202.0
2020-04-13,Kosovo,1800000,,39807,4.0,431,0.0,0.0
,Kosovo,1800000,-1.0,124142,10.0,1368,0.0,0.0
2023-05-06,Kosovo,1800000,358.0,714402,4.0,7958,,595539.0
2023-09-27,Kosovo,1800000,928.0,810802,11.0,9042,865.0,742927.0
2021-08-05,Kosovo,1800000,726.0,322241,9.0,3575,452.0,35093.0
2021-04-09,Kosovo,1800000,317.0,260928,3.0,2900,110.0,4359.0
2022-10-10,Kosovo,1800000,937.0,600836,11.0,6702,1193.0,379017.0
2022-01-22,Kosovo,1800000,478.0,457327,5.0,5116,764.0,129432.0
2022-11-15,Kosovo,1800000,859.0,632797,,7065,1094.0,415198.0
2023-05-31,Kosovo,1800000,496.0,724602,5.0,8064,915.0,620211.0
2020-02-21,Kosovo,1800000,314.0,23286,,254,0.0,0.0
2022-02-06,Kosovo,1800000,363.0,463512,4.0,5186,691.0,140081.0
2020-06-17,Kosovo,1800000,551.0,66941,6.0,721,0.0,0.0
2022-12-27,Kosovo,1800000,651.0,664928,7.0,7431,950.0,459707.0
2022-04-16,Kosovo,1800000,338.0,485695,3.0,5416,1066.0,
2022-02-03,Kosovo,1800000,384.0,462405,4.0,5174,727.0,137799.0
2020-12-29,Kosovo,1800000,632.0,221612,7.0,2477,0.0,0.0
2020-09-18,Kosovo,1800000,883.0,136294,10.0,1507,0.0,0.0
2022-08-02,Kosovo,1800000,732.0,542264,9.0,6038,1172.0,306179.0
2021-08-14,Kosovo,1800000,778.0,329132,9.0,3652,328.0,38553.0
2021-06-12,Kosovo,1800000,523.0,286425,6.0,3174,261.0,17348.0
2023-08-20,Kosovo,1800000,791.0,777921,9.0,8663,1071.0,
2021-03-05,Kosovo,1800000,307.0,249709,4.0,2783,64.0,930.0
2020-11-05,Kosovo,1800000,,179927,10.0,2003,0.0,0.0
2020-05-03,Kosovo,1800000,354.0,46529,3.0,502,0.0,0.0
2023-02-18,Kosovo,1800000,313.0,689512,3.0,7698,849.0,514424.0
2023-06-28,Kosovo,1800000,609.0,739997,7.0,8234,872.0,649136.0
2022-09-21,Kosovo,1800000,928.0,583620,11.0,6505,1143.0,358806.0
2020-07-22,Kosovo,1800000,696.0,89680,8.0,978,0.0,0.0
2020-04-14,Kosovo,1800000,,40139,5.0,436,0.0,0.0
2021-07-03,Kosovo,1800000,623.0,298953,7.0,3314,,23650.0
2023-07-09,Kosovo,1800000,687.0,747122,8.0,8311,884.0,660754.0
2023-04-10,Kosovo,1800000,330.0,705515,,7864,1240.0,567891.0
2023-11-11,Kosovo,1800000,860.0,851610,9.0,9504,965.0,789285.0
2022-10-28,Kosovo,1800000,944.0,617143,10.0,6888,1097.0,396642.0
2021-08-11,Kosovo,1800000,736.0,326811,8.0,3626,393.0,37389.0
2023-07-15,Kosovo,1800000,682.0,751160,8.0,8358,909.0,
2020-07-11,Kosovo,1800000,665.0,82071,8.0,890,0.0,0.0
2020-12-05,Kosovo,1800000,796.0,204781,10.0,2287,0.0,0.0
2021-12-25,Kosovo,1800000,653.0,441630,8.0,4940,767.0,109211.0
2020-10-16,Kosovo,1800000,891.0,161866,11.0,1796,0.0,
2022-07-22,Kosovo,1800000,,534091,7.0,5943,971.0,294611.0
2023-09-14,Kosovo,1800000,841.0,799077,9.0,8906,1185.0,730133.0
2020-01-30,Kosovo,1800000,430.0,15484,5.0,169,0.0,0.0
2021-05-01,Kosovo,1800000,374.0,268310,4.0,2977,174.0,7833.0
2020-03-17,Kosovo,1800000,,31142,3.0,338,0.0,0.0
2023-09-17,Kosovo,1800000,895.0,801751,11.0,8937,1236.0,733301.0
2020-03-06,Kosovo,1800000,288.0,27726,3.0,300,0.0,0.0
2023-05-01,Kosovo,1800000,369.0,712568,3.0,7938,971.0,
2021-08-06,Kosovo,1800000,766.0,323007,9.0,3584,325.0,35418.0
2022-05-31,Kosovo,1800000,466.0,502660,4.0,5594,1103.0,
2022-03-13,Kosovo,1800000,295.0,474793,3.0,5303,995.0,168140.0
2023-03-25,Kosovo,1800000,299.0,700470,4.0,7814,884.0,550940.0
2021-07-05,Kosovo,1800000,642.0,300260,7.0,3328,330.0,24283.0
2023-02-12,Kosovo,1800000,335.0,687530,4.0,7677,1029.0,508009.0
2021-04-23,Kosovo,1800000,325.0,265584,3.0,2948,,6410.0
2022-07-13,Kosovo,1800000,679.0,527831,8.0,5874,864.0,285626.0
2022-11-06,Kosovo,1800000,864.0,625063,10.0,6979,1251.0,406228.0
2023-11-27,Kosovo,1800000,829.0,865119,9.0,9658,890.0,806772.0
2021-05-08,Kosovo,1800000,366.0,270851,4.0,3004,230.0,9319.0
2021-09-18,Kosovo,1800000,906.0,358640,10.0,3990,422.0,53417.0
2020-02-14,Kosovo,1800000,325.0,21045,4.0,231,0.0,0.0
2020-02-29,Kosovo,1800000,336.0,25826,4.0,281,0.0,0.0
2020-01-24,Kosovo,1800000,455.0,12831,5.0,141,0.0,0.0
2023-10-31,Kosovo,1800000,930.0,841975,10.0,9396,1112.0,777748.0
2021-01-16,Kosovo,1800000,555.0,231764,6.0,2589,0.0,
2020-04-25,Kosovo,1800000,325.0,43754,3.0,474,0.0,0.0
2020-12-08,Kosovo,1800000,742.0,207070,,2313,0.0,0.0
2022-06-29,Kosovo,1800000,613.0,518708,7.0,5771,955.0,270903.0
2021-02-02,Kosovo,1800000,397.0,239475,5.0,2674,0.0,0.0
2022-12-01,Kosovo,1800000,785.0,646018,9.0,7217,872.0,
2021-03-09,Kosovo,1800000,,250983,4.0,2798,,1222.0
2020-09-27,Kosovo,1800000,928.0,144425,10.0,1596,0.0,0.0
2021-11-05,Kosovo,1800000,,402275,10.0,4492,514.0,78364.0
2021-08-30,Kosovo,1800000,827.0,342074,10.0,3799,464.0,44981.0
2022-08-25,Kosovo,1800000,824.0,560239,9.0,6238,910.0,330586.0
2022-03-28,Kosovo,1800000,319.0,479516,3.0,5353,984.0,181815.0
2023-11-21,Kosovo,1800000,825.0,860116,10.0,9601,1123.0,800350.0
2020-12-31,Kosovo,1800000,621.0,222848,7.0,2491,0.0,0.0
2023-08-09,Kosovo,1800000,737.0,769380,,8565,,692752.0
2020-03-19,Kosovo,1800000,352.0,31818,4.0,345,,0.0
2020-09-01,Kosovo,1800000,875.0,121564,10.0,1339,0.0,0.0
2023-03-10,Kosovo,1800000,316.0,695734,3.0,7764,1044.0,535480.0
2023-03-02,Kosovo,1800000,328.0,693218,3.0,7738,1118.0,527041.0
2021-11-09,Kosovo,1800000,867.0,405705,10.0,4532,594.0,80538.0
2022-02-20,Kosovo,1800000,309.0,468249,4.0,5236,850.0,151029.0
2021-02-20,Kosovo,1800000,292.0,245681,3.0,2743,,274.0
2020-05-21,Kosovo,1800000,435.0,53531,4.0,574,0.0,
2020-03-11,Kosovo,1800000,321.0,29279,4.0,317,0.0,0.0
2020-01-16,Kosovo,1800000,505.0,8971,,100,,0.0
2023-04-07,Kosovo,1800000,329.0,704539,3.0,7854,884.0,564589.0
2022-04-29,Kosovo,1800000,345.0,489905,4.0,5459,1064.0,211014.0
2023-08-15,Kosovo,1800000,753.0,773961,9.0,8617,976.0,699031.0
2023-11-04,Kosovo,1800000,913.0,845521,10.0,9436,935.0,782063.0
2023-09-11,Kosovo,1800000,873.0,796488,10.0,8877,903.0,726904.0
2022-02-04,Kosovo,1800000,352.0,462757,3.0,5177,886.0,138685.0
2021-08-01,Kosovo,1800000,731.0,319281,8.0,3541,435.0,33612.0
2021-02-26,Kosovo,1800000,299.0,247571,3.0,2761,52.0,533.0
2022-08-08,Kosovo,1800000,754.0,546756,9.0,6089,933.0,312476.0
2022-03-23,Kosovo,1800000,317.0,477885,3.0,5335,1025.0,177313.0
2021-06-10,Kosovo,1800000,529.0,285389,5.0,3163,211.0,16833.0
2020-10-30,Kosovo,1800000,877.0,174604,10.0,1942,0.0,0.0
2022-11-23,Kosovo,1800000,,639489,,7142,913.0,423560.0
2023-08-01,Kosovo,1800000,729.0,763408,9.0,8497,914.0,684208.0
2021-03-03,Kosovo,1800000,306.0,249149,3.0,2777,64.0,806.0
2022-07-12,Kosovo,1800000,660.0,527152,8.0,5866,973.0,284762.0
2022-07-14,Kosovo,1800000,643.0,528474,,5881,1173.0,286799.0
2022-09-03,Kosovo,1800000,,567752,10.0,6323,948.0,339837.0
2020-10-01,Kosovo,1800000,924.0,148071,,1638,0.0,0.0
2021-03-15,Kosovo,1800000,294.0,252852,3.0,2817,85.0,
2020-12-16,Kosovo,1800000,709.0,212988,8.0,2379,0.0,0.0
2021-12-21,Kosovo,1800000,660.0,438949,,4910,759.0,106527.0
2023-04-26,Kosovo,1800000,328.0,710773,4.0,7919,1140.0,584572.0
2021-03-27,Kosovo,1800000,325.0,256738,3.0,2856,113.0,2816.0
2023-04-21,Kosovo,1800000,328.0,709043,4.0,7900,931.0,578817.0
2020-02-13,Kosovo,1800000,353.0,20720,4.0,227,0.0,0.0
2022-11-02,Kosovo,1800000,888.0,621601,10.0,6939,,401928.0
2023-07-16,Kosovo,1800000,696.0,751856,8.0,8366,1057.0,667627.0
2020-11-28,Kosovo,1800000,,199295,9.0,2223,0.0,0.0
2022-08-21,Kosovo,1800000,812.0,557004,9.0,6202,1115.0,326472.0
2020-04-11,Kosovo,1800000,342.0,39178,4.0,424,0.0,0.0
2020-04-17,Kosovo,1800000,317.0,41129,4.0,448,0.0,0.0
2020-11-02,Kosovo,1800000,888.0,177245,10.0,1972,0.0,0.0
2022-10-26,Kosovo,1800000,917.0,615349,10.0,6868,920.0,394703.0
2020-06-24,Kosovo,1800000,609.0,71009,7.0,765,0.0,0.0
2020-08-27,Kosovo,1800000,885.0,117397,11.0,1293,0.0,0.0
2022-09-10,Kosovo,1800000,871.0,573817,10.0,6393,873.0,347082.0
2021-02-09,Kosovo,1800000,357.0,242068,4.0,2702,9.0,28.0
2021-11-03,Kosovo,1800000,886.0,400522,10.0,4472,470.0,77335.0
2020-05-08,Kosovo,1800000,399.0,48425,4.0,522,0.0,
2023-12-19,Kosovo,1800000,682.0,881829,8.0,9850,1026.0,829805.0
2020-12-17,Kosovo,1800000,,213688,7.0,2386,0.0,0.0
2023-04-19,Kosovo,1800000,316.0,708394,3.0,7893,1180.0,576981.0
2021-04-07,Kosovo,1800000,308.0,260274,,2894,133.0,4128.0
2023-01-11,Kosovo,1800000,534.0,673646,6.0,7529,983.0,475694.0
2022-11-09,Kosovo,1800000,852.0,627589,9.0,7007,,409155.0
2023-04-20,Kosovo,1800000,321.0,708715,3.0,7896,905.0,577886.0
2021-08-25,Kosovo,1800000,,337941,9.0,3752,,42881.0
2020-02-02,Kosovo,1800000,419.0,16703,5.0,182,0.0,0.0
2022-05-19,Kosovo,1800000,390.0,497443,4.0,5540,827.0,230022.0
2021-03-01,Kosovo,1800000,312.0,248512,,2771,49.0,688.0
2020-12-10,Kosovo,1800000,766.0,208590,9.0,2330,0.0,0.0
2020-12-19,Kosovo,1800000,677.0,215043,8.0,2402,0.0,0.0
2023-09-07,Kosovo,1800000,901.0,793018,11.0,8836,927.0,722822.0
2022-02-01,Kosovo,1800000,389.0,461604,4.0,5165,709.0,136317.0
2023-11-19,Kosovo,1800000,859.0,858438,10.0,9581,1200.0,798034.0
2020-11-18,Kosovo,1800000,840.0,191026,9.0,2130,0.0,0.0
2022-03-10,Kosovo,1800000,296.0,473867,3.0,5293,851.0,165443.0
2023-01-19,Kosovo,1800000,468.0,677706,4.0,7574,1137.0,483481.0
2020-06-12,Kosovo,1800000,559.0,64150,7.0,691,0.0,0.0
2023-07-27,Kosovo,1800000,731.0,759721,8.0,8455,1062.0,678916.0
2022-11-24,Kosovo,1800000,829.0,640318,9.0,7151,995.0,424555.0
2021-12-28,Kosovo,1800000,648.0,443558,7.0,4961,784.0,111328.0
2021-01-09,Kosovo,1800000,542.0,228091,5.0,2547,0.0,0.0
2020-08-19,Kosovo,1800000,789.0,110793,9.0,1216,0.0,0.0
2023-08-04,Kosovo,1800000,725.0,765617,9.0,8523,1117.0,687464.0
2020-10-24,Kosovo,1800000,924.0,169211,10.0,1880,0.0,0.0
2021-09-07,Kosovo,1800000,882.0,348899,10.0,3877,477.0,48503.0
2023-03-07,Kosovo,1800000,287.0,694787,3.0,7755,978.0,532316.0
2021-01-02,Kosovo,1800000,621.0,224086,7.0,2504,0.0,0.0
2022-03-17,Kosovo,1800000,324.0,475987,4.0,5316,871.0,171777.0
2022-02-26,Kosovo,1800000,295.0,470102,3.0,5255,934.0,
2023-02-11,Kosovo,1800000,323.0,687195,3.0,7673,934.0,506980.0
2020-03-04,Kosovo,1800000,298.0,27120,3.0,294,0.0,0.0
2023-06-24,Kosovo,1800000,600.0,737575,7.0,8207,846.0,
2023-11-16,Kosovo,1800000,843.0,855933,10.0,9553,1234.0,795035.0
2022-05-09,Kosovo,1800000,376.0,493602,4.0,5500,1133.0,220565.0
2022-05-11,Kosovo,1800000,373.0,494305,,5506,912.0,222421.0
2022-06-19,Kosovo,1800000,580.0,512664,6.0,5704,914.0,260744.0
2021-08-07,Kosovo,1800000,795.0,323802,9.0,3593,424.0,35842.0
2023-12-16,Kosovo,1800000,715.0,879767,8.0,9826,1112.0,826591.0
2020-07-17,Kosovo,1800000,669.0,86192,8.0,939,,0.0
2021-06-27,Kosovo,1800000,,295112,7.0,3271,306.0,21612.0
30/03/2022,Kosovo,1800000,317.0,480161,3.0,5360,998.0,183844.0
2022-07-05,Kosovo,1800000,627.0,522482,7.0,5812,851.0,277216.0
2021-06-22,Kosovo,1800000,577.0,292088,6.0,3237,265.0,
2021-06-18,Kosovo,1800000,614.0,289771,7.0,3211,309.0,
2020-01-31,Kosovo,1800000,409.0,15893,4.0,173,0.0,0.0
2020-02-26,Kosovo,1800000,315.0,24865,4.0,271,0.0,
2023-05-11,Kosovo,1800000,368.0,716295,4.0,7977,842.0,600197.0
2022-12-21,Kosovo,1800000,705.0,660897,8.0,7386,950.0,453553.0
2021-02-15,Kosovo,1800000,306.0,244060,3.0,2725,21.0,
2022-12-26,Kosovo,1800000,636.0,664277,8.0,7424,1003.0,458757.0
2021-02-19,Kosovo,1800000,325.0,245389,4.0,2740,32.0,245.0
2022-08-20,Kosovo,1800000,798.0,556192,9.0,6193,991.0,325357.0
2022-03-21,Kosovo,1800000,313.0,477238,3.0,5329,956.0,175278.0
2022-11-08,Kosovo,1800000,,626737,9.0,6998,,408018.0
2021-03-02,Kosovo,1800000,331.0,248843,3.0,2774,54.0,
2020-12-24,Kosovo,1800000,669.0,218403,8.0,2442,0.0,0.0
2023-11-30,Kosovo,1800000,803.0,867567,9.0,9686,1033.0,809828.0
2020-11-06,Kosovo,1800000,855.0,180782,,2013,0.0,0.0
2023-04-15,Kosovo,1800000,330.0,707164,4.0,7882,1090.0,572805.0
2020-04-09,Kosovo,1800000,323.0,38508,3.0,416,0.0,
2021-04-24,Kosovo,1800000,323.0,265907,,2951,189.0,6599.0
,Kosovo,1800000,920.0,148991,10.0,1648,0.0,0.0
2022-11-21,Kosovo,1800000,820.0,637841,9.0,7123,966.0,421635.0
2023-11-15,Kosovo,1800000,876.0,855090,10.0,9543,1209.0,793801.0
2022-06-07,Kosovo,1800000,489.0,506076,6.0,5632,955.0,249526.0
2022-10-07,Kosovo,1800000,900.0,598086,10.0,6671,1046.0,375565.0
2022-09-15,Kosovo,1800000,893.0,578202,10.0,6442,840.0,352299.0
2022-06-06,Kosovo,1800000,513.0,505587,6.0,5626,971.0,248571.0
2021-12-12,Kosovo,1800000,753.0,432594,9.0,4839,540.0,100463.0
2023-12-24,Kosovo,1800000,654.0,885238,8.0,9888,,834804.0
2021-04-27,Kosovo,1800000,328.0,266896,4.0,2962,205.0,7162.0
2022-07-23,Kosovo,1800000,,534824,9.0,5952,911.0,295522.0
2021-12-19,Kosovo,1800000,690.0,437566,8.0,4894,623.0,105062.0
2023-01-23,Kosovo,1800000,494.0,679650,5.0,7595,1040.0,487655.0
2022-07-15,Kosovo,1800000,685.0,529159,8.0,5889,1124.0,
2023-12-17,Kosovo,1800000,,880452,8.0,9834,,827602.0
2023-03-24,Kosovo,1800000,328.0,700171,4.0,7810,878.0,550056.0
2021-12-16,Kosovo,1800000,681.0,435450,7.0,4870,656.0,103310.0
2021-05-12,Kosovo,1800000,379.0,272348,4.0,3020,240.0,
2020-08-24,Kosovo,1800000,792.0,114822,10.0,1262,,0.0
2022-07-11,Kosovo,1800000,672.0,526492,,5858,920.0,283789.0
2021-07-27,Kosovo,1800000,730.0,315631,8.0,3500,401.0,31674.0
2022-10-20,Kosovo,1800000,884.0,609923,9.0,6806,1061.0,388899.0
2021-05-21,Kosovo,1800000,401.0,275930,4.0,3060,186.0,11963.0
2023-11-03,Kosovo,1800000,874.0,844608,10.0,9426,927.0,781128.0
2021-03-08,Kosovo,1800000,324.0,250647,4.0,2794,75.0,1150.0
2023-01-30,Kosovo,1800000,421.0,682766,4.0,7627,912.0,494531.0
2020-07-27,Kosovo,1800000,756.0,93316,,1019,0.0,0.0
2023-12-26,Kosovo,1800000,635.0,886536,7.0,9902,1049.0,837076.0
2023-03-21,Kosovo,1800000,342.0,699199,,7799,1110.0,547129.0
2021-06-19,Kosovo,1800000,588.0,290359,7.0,3218,333.0,19337.0
2020-08-25,Kosovo,1800000,853.0,115675,10.0,1272,0.0,0.0
2020-02-28,Kosovo,1800000,314.0,25490,3.0,277,0.0,0.0
2023-11-10,Kosovo,1800000,883.0,850750,10.0,9495,1075.0,788320.0
2020-11-20,Kosovo,1800000,834.0,192653,10.0,2149,,0.0
2021-01-06,Kosovo,1800000,561.0,226411,6.0,2530,0.0,0.0
2023-04-12,Kosovo,1800000,305.0,706173,3.0,7871,1091.0,
2022-11-01,Kosovo,1800000,905.0,620713,10.0,6929,1023.0,400725.0
2023-03-28,Kosovo,1800000,289.0,701403,3.0,7823,1227.0,554367.0
2021-09-20,Kosovo,1800000,876.0,360410,10.0,4010,,54500.0
2022-02-24,Kosovo,1800000,338.0,469510,3.0,5248,869.0,154517.0
2022-11-16,Kosovo,1800000,836.0,633633,10.0,7075,916.0,416114.0
2023-02-02,Kosovo,1800000,399.0,683955,4.0,7640,894.0,497558.0
2022-02-17,Kosovo,1800000,375.0,467275,4.0,5225,645.0,148535.0
2023-08-29,Kosovo,1800000,839.0,785346,10.0,8747,1036.0,
2020-08-21,Kosovo,1800000,820.0,112416,10.0,1235,0.0,0.0
2021-02-27,Kosovo,1800000,304.0,247875,,2764,55.0,588.0
2020-07-15,Kosovo,1800000,,84805,8.0,923,0.0,0.0
2023-05-16,Kosovo,1800000,395.0,718255,4.0,7998,839.0,604991.0
2020-03-22,Kosovo,1800000,340.0,32758,3.0,354,0.0,0.0
2023-10-05,Kosovo,1800000,,818134,10.0,9124,1003.0,751403.0
2020-04-10,Kosovo,1800000,328.0,38836,4.0,420,0.0,0.0
2020-04-21,Kosovo,1800000,337.0,42454,3.0,460,0.0,0.0
2023-06-30,Kosovo,1800000,613.0,741207,7.0,8248,1133.0,651487.0
2023-08-11,Kosovo,1800000,765.0,770888,,8582,996.0,694631.0
2022-07-30,Kosovo,1800000,770.0,540034,10.0,6011,989.0,302840.0
2021-10-22,Kosovo,1800000,912.0,389723,11.0,4348,525.0,71151.0
2023-05-22,Kosovo,1800000,421.0,720599,5.0,8024,928.0,611147.0
2023-12-14,Kosovo,1800000,749.0,878348,8.0,9810,1046.0,824234.0
2021-07-24,  Kosovo  ,1800000,711.0,313444,7.0,3476,305.0,30518.0
2020-12-20,Kosovo,1800000,656.0,215699,8.0,2410,0.0,0.0
2021-11-11,Kosovo,1800000,840.0,407378,10.0,4551,599.0,
2022-12-23,Kosovo,1800000,,662269,7.0,7400,1025.0,455663.0
2020-11-12,Kosovo,1800000,,185966,10.0,2074,0.0,0.0
2023-12-25,Kosovo,1800000,663.0,885901,7.0,9895,1223.0,836027.0
2022-09-20,Kosovo,1800000,901.0,582692,11.0,6494,918.0,357663.0
2023-01-16,Kosovo,1800000,512.0,676266,7.0,7559,895.0,480343.0
2021-01-29,Kosovo,1800000,423.0,237852,4.0,2655,0.0,0.0
2021-07-21,Kosovo,1800000,722.0,311329,8.0,3453,306.0,29494.0
2021-07-14,Kosovo,1800000,670.0,306393,7.0,3398,314.0,27109.0
2022-08-01,Kosovo,1800000,742.0,541532,9.0,6029,1139.0,305007.0
2021-06-06,Kosovo,1800000,510.0,283305,6.0,3140,279.0,15803.0
2021-10-12,Kosovo,1800000,923.0,380523,10.0,4241,518.0,65864.0
2021-10-16,Kosovo,1800000,917.0,384238,11.0,4285,440.0,67870.0
2023-12-09,Kosovo,1800000,,874634,9.0,9769,1098.0,818920.0
2020-09-11,Kosovo,1800000,875.0,130126,10.0,1436,,0.0
2022-12-06,Kosovo,1800000,766.0,649890,9.0,7261,,437102.0
2023-07-03,Kosovo,1800000,652.0,743143,7.0,8268,958.0,654688.0
2022-06-08,Kosovo,1800000,511.0,506587,6.0,5638,1008.0,
2021-12-13,Kosovo,1800000,722.0,433316,8.0,4847,744.0,101207.0
2021-12-08,Kosovo,1800000,763.0,429564,9.0,4804,765.0,98154.0
2020-03-27,Kosovo,1800000,319.0,34367,3.0,371,0.0,0.0
2023-11-05,Kosovo,1800000,887.0,846408,10.0,9446,965.0,783028.0
2020-09-22,Kosovo,1800000,916.0,139872,10.0,1546,0.0,
2021-09-13,Kosovo,1800000,869.0,354153,10.0,3939,550.0,51216.0
2023-12-21,Kosovo,1800000,703.0,883241,7.0,9865,1251.0,832105.0
2023-04-29,Kosovo,1800000,,711846,4.0,7931,940.0,
2023-07-07,Kosovo,1800000,647.0,745782,7.0,8296,,658867.0
2021-05-29,Kosovo,1800000,461.0,279434,5.0,3096,232.0,13759.0
2021-12-06,Kosovo,1800000,811.0,428028,9.0,4786,530.0,96749.0
2020-08-09,Kosovo,1800000,722.0,103003,8.0,1129,0.0,0.0
2020-04-23,Kosovo,1800000,333.0,43107,3.0,467,0.0,0.0
2023-10-02,Kosovo,1800000,909.0,815341,11.0,9093,1076.0,748310.0
2021-07-15,Kosovo,1800000,694.0,307087,8.0,3406,278.0,27387.0
2020-06-23,Kosovo,1800000,585.0,70400,6.0,758,0.0,0.0
2022-06-25,Kosovo,1800000,619.0,516264,7.0,5743,930.0,267068.0
2021-12-31,Kosovo,1800000,600.0,445435,7.0,4983,,113465.0
2023-02-24,Kosovo,1800000,320.0,691324,3.0,7718,934.0,520628.0
2022-10-19,Kosovo,1800000,916.0,609039,11.0,6797,1067.0,387838.0
2022-07-29,Kosovo,1800000,750.0,539264,9.0,6001,878.0,301851.0
2020-10-12,Kosovo,1800000,920.0,158194,11.0,1753,0.0,0.0
2022-04-09,Kosovo,1800000,321.0,483499,3.0,5395,744.0,192560.0
2021-02-24,Kosovo,1800000,320.0,246954,3.0,2755,37.0,436.0
2023-03-16,Kosovo,1800000,303.0,697600,2.0,7783,1182.0,541887.0
2020-02-01,Kosovo,1800000,,16284,4.0,177,,0.0
2021-06-16,Kosovo,1800000,562.0,288616,7.0,3199,273.0,18409.0
2020-07-29,Kosovo,1800000,,94836,9.0,1037,0.0,0.0
2023-05-29,Kosovo,1800000,453.0,723665,,8055,947.0,618177.0
2022-12-09,  Kosovo  ,1800000,758.0,652193,9.0,7287,1162.0,440346.0
2022-02-13,Kosovo,1800000,338.0,465919,4.0,5212,897.0,145587.0
2021-09-23,Kosovo,1800000,918.0,363153,11.0,4042,420.0,55970.0
2022-06-12,Kosovo,1800000,575.0,508735,6.0,5662,854.0,254027.0
2023-11-08,Kosovo,1800000,877.0,849006,10.0,9475,1124.0,786356.0
2020-07-07,Kosovo,1800000,,79407,8.0,860,0.0,0.0
2021-01-17,Kosovo,1800000,523.0,232287,5.0,2594,0.0,0.0
2023-09-02,Kosovo,1800000,842.0,788694,9.0,8785,855.0,
23/09/2023,Kosovo,1800000,900.0,807148,10.0,8999,975.0,738926.0
2022-01-07,Kosovo,1800000,,449589,7.0,5029,590.0,118313.0
2020-03-24,Kosovo,1800000,334.0,33429,4.0,362,0.0,0.0
2022-01-13,Kosovo,1800000,529.0,452808,6.0,5065,591.0,122799.0
2020-02-18,Kosovo,1800000,,22350,4.0,245,0.0,0.0
2020-06-04,Kosovo,1800000,488.0,59958,6.0,643,0.0,0.0
2021-08-17,Kosovo,1800000,794.0,331480,9.0,3679,485.0,39811.0
2023-01-26,Kosovo,1800000,472.0,681046,5.0,7610,887.0,490500.0
2022-08-10,Kosovo,1800000,797.0,548329,9.0,6107,1195.0,314734.0
2022-10-31,Kosovo,1800000,895.0,619808,10.0,6919,1037.0,399702.0
2022-02-11,Kosovo,1800000,,465264,4.0,5204,829.0,143882.0
2023-04-16,Kosovo,1800000,298.0,707462,3.0,7885,879.0,573684.0
2023-12-18,Kosovo,1800000,695.0,881147,8.0,9842,1177.0,828779.0
2021-04-30,Kosovo,1800000,349.0,267936,3.0,2973,203.0,7659.0
2020-06-28,Kosovo,1800000,628.0,73491,7.0,792,0.0,0.0
2022-12-20,Kosovo,1800000,694.0,660192,7.0,7378,1123.0,452603.0
2023-05-03,Kosovo,1800000,386.0,713312,4.0,7946,1171.0,592040.0
2021-01-15,Kosovo,1800000,505.0,231209,6.0,2583,,0.0
2021-04-26,Kosovo,1800000,341.0,266568,4.0,2958,172.0,6957.0
2022-02-19,Kosovo,1800000,338.0,467940,4.0,5232,903.0,150179.0
2023-02-25,Kosovo,1800000,327.0,691651,4.0,7722,1223.0,521851.0
2023-06-01,Kosovo,1800000,450.0,725052,5.0,8069,1205.0,621416.0
2020-12-12,Kosovo,1800000,723.0,210054,8.0,2347,0.0,0.0
2022-04-24,Kosovo,1800000,339.0,488233,4.0,5441,934.0,206435.0
2021-03-29,Kosovo,1800000,354.0,257408,3.0,2862,106.0,3049.0
2021-07-20,Kosovo,1800000,711.0,310607,8.0,3445,410.0,29188.0
2021-07-25,Kosovo,1800000,745.0,314189,8.0,3484,360.0,30878.0
2023-03-06,Kosovo,1800000,297.0,694500,3.0,7752,868.0,531338.0
2020-08-31,Kosovo,1800000,830.0,120689,9.0,1329,0.0,0.0
2022-12-11,Kosovo,1800000,759.0,653673,9.0,7304,1153.0,442607.0
2023-09-28,Kosovo,1800000,898.0,811700,10.0,9052,1161.0,744088.0
2022-01-03,Kosovo,1800000,585.0,447257,,5003,762.0,115516.0
2022-05-02,Kosovo,1800000,378.0,490955,4.0,5470,1091.0,213964.0
2022-11-03,Kosovo,1800000,865.0,622466,,6949,997.0,402925.0
2023-10-21,Kosovo,1800000,928.0,832877,11.0,9292,917.0,767646.0
2021-06-11,Kosovo,1800000,513.0,285902,,3168,254.0,17087.0
2022-09-27,Kosovo,1800000,884.0,589015,9.0,6566,1106.0,365324.0
2022-04-23,Kosovo,1800000,346.0,487894,3.0,5437,1044.0,
2021-01-05,Kosovo,1800000,547.0,225850,6.0,2524,0.0,0.0
2020-02-24,Kosovo,1800000,319.0,24270,3.0,264,0.0,0.0
2021-09-02,Kosovo,1800000,,344622,10.0,3828,458.0,46396.0
2021-07-02,Kosovo,1800000,662.0,298330,7.0,3307,358.0,23304.0
2020-11-08,Kosovo,1800000,893.0,182575,10.0,2034,0.0,0.0
2022-06-01,Kosovo,1800000,,503122,5.0,5599,1190.0,243573.0
2020-04-19,Kosovo,1800000,314.0,41752,3.0,454,0.0,0.0
2022-04-06,Kosovo,1800000,331.0,482510,4.0,5384,762.0,
2020-04-10,Kosovo,1800000,328.0,38836,4.0,420,0.0,0.0
2021-02-17,Kosovo,1800000,344.0,244698,4.0,2732,31.0,188.0
2023-08-31,Kosovo,1800000,819.0,786992,10.0,8766,857.0,715502.0
2020-09-23,Kosovo,1800000,905.0,140777,10.0,1556,0.0,0.0
2021-10-13,Kosovo,1800000,909.0,381432,10.0,4251,540.0,66404.0
2020-10-23,Kosovo,1800000,916.0,168287,11.0,1870,0.0,0.0
2021-06-28,Kosovo,1800000,648.0,295760,,3278,306.0,21918.0
2022-06-24,Kosovo,1800000,597.0,515645,7.0,5736,838.0,266138.0
2021-11-01,Kosovo,1800000,902.0,398771,11.0,4452,486.0,76243.0
2021-01-12,Kosovo,1800000,517.0,229661,7.0,2565,0.0,0.0
2020-10-13,Kosovo,1800000,925.0,159119,11.0,1764,0.0,0.0
2023-11-06,Kosovo,1800000,845.0,847253,9.0,9455,1243.0,784271.0
2021-12-02,Kosovo,1800000,802.0,424850,9.0,4750,702.0,94388.0
2020-05-06,Kosovo,1800000,409.0,47680,5.0,515,,0.0
2023-04-25,Kosovo,1800000,365.0,710445,4.0,7915,1057.0,583432.0
2020-10-19,  Kosovo  ,1800000,917.0,164631,11.0,1829,0.0,0.0
2021-06-13,Kosovo,1800000,533.0,286958,5.0,3179,239.0,17587.0
2022-08-28,Kosovo,1800000,818.0,562707,9.0,6266,1036.0,333752.0
2022-03-24,Kosovo,1800000,340.0,478225,4.0,5339,892.0,178205.0
2020-12-21,Kosovo,1800000,691.0,216390,,2418,0.0,0.0
2020-06-19,Kosovo,1800000,562.0,68082,6.0,733,0.0,0.0
2023-09-06,Kosovo,1800000,830.0,792117,10.0,8825,1235.0,721895.0
2023-07-01,Kosovo,1800000,641.0,741848,,8254,1126.0,652613.0
2023-03-15,Kosovo,1800000,303.0,697297,3.0,7781,912.0,540705.0
2020-07-28,Kosovo,1800000,751.0,94067,9.0,1028,0.0,0.0
2023-02-16,Kosovo,1800000,318.0,688859,,7691,1048.0,512527.0
2020-05-20,Kosovo,1800000,403.0,53096,5.0,570,0.0,0.0
2023-03-11,Kosovo,1800000,314.0,696048,3.0,7767,1111.0,536591.0
2022-08-05,Kosovo,1800000,745.0,544503,9.0,6064,,309217.0
2023-05-25,Kosovo,1800000,,721897,5.0,8037,856.0,614202.0
2023-09-24,Kosovo,1800000,910.0,808058,11.0,9010,1139.0,740065.0
2022-05-17,Kosovo,1800000,374.0,496652,5.0,5532,1058.0,228301.0
2022-05-24,Kosovo,1800000,462.0,499524,5.0,5561,915.0,235223.0
2023-05-10,Kosovo,1800000,388.0,715927,4.0,7973,870.0,599355.0
2020-07-18,Kosovo,1800000,701.0,86893,8.0,947,0.0,0.0
2021-09-10,Kosovo,1800000,882.0,351526,11.0,3908,433.0,49724.0
2021-08-19,Kosovo,1800000,811.0,333097,10.0,3699,397.0,40583.0
2021-11-10,Kosovo,1800000,833.0,406538,9.0,4541,,81174.0
2022-01-16,Kosovo,1800000,521.0,454390,7.0,5084,702.0,124937.0
2023-06-07,Kosovo,1800000,526.0,728020,7.0,8102,1196.0,
2020-01-11,Kosovo,1800000,573.0,6381,6.0,71,0.0,0.0
2020-05-27,Kosovo,1800000,,56133,5.0,601,0.0,0.0
2022-07-25,Kosovo,1800000,749.0,536308,8.0,5968,1111.0,297805.0
2020-10-09,Kosovo,1800000,943.0,155503,11.0,1722,0.0,0.0
2020-10-25,Kosovo,1800000,898.0,170109,10.0,1890,0.0,0.0
2021-08-13,Kosovo,1800000,787.0,328354,,3643,420.0,38225.0
18/10/2020,Kosovo,1800000,926.0,163714,12.0,1818,0.0,0.0
2021-04-16,Kosovo,1800000,305.0,263184,3.0,2921,152.0,5358.0
2021-07-29,Kosovo,1800000,699.0,317041,8.0,3516,350.0,32366.0
2023-03-22,Kosovo,1800000,354.0,699553,4.0,7803,1210.0,548339.0
2021-10-27,Kosovo,1800000,901.0,394292,10.0,4400,508.0,73566.0
2023-12-28,Kosovo,1800000,629.0,887789,7.0,9915,850.0,839020.0
2020-05-09,Kosovo,1800000,386.0,48811,4.0,526,,0.0
2023-12-03,Kosovo,1800000,790.0,869945,10.0,9715,,812734.0
2020-11-27,Kosovo,1800000,814.0,198497,9.0,2214,0.0,0.0
2020-11-19,Kosovo,1800000,793.0,191819,9.0,2139,0.0,0.0
2023-01-29,Kosovo,1800000,386.0,682345,4.0,7623,1111.0,493619.0
2023-01-12,Kosovo,1800000,526.0,674172,6.0,7535,923.0,476617.0
2023-10-25,Kosovo,1800000,888.0,836501,10.0,9335,938.0,771726.0
2020-05-15,Kosovo,1800000,418.0,51098,,549,0.0,0.0
2022-03-31,Kosovo,1800000,342.0,480503,4.0,5364,1014.0,184858.0
2021-04-22,Kosovo,1800000,366.0,265259,4.0,2945,,6276.0
2022-12-03,Kosovo,1800000,,647589,8.0,7234,851.0,
2021-03-11,Kosovo,1800000,314.0,251602,3.0,2804,68.0,1371.0
2023-07-24,Kosovo,1800000,712.0,757501,7.0,8430,,
2021-09-22,Kosovo,1800000,926.0,362235,11.0,4031,524.0,55550.0
2021-08-21,Kosovo,1800000,831.0,334709,9.0,3717,452.0,41424.0
2021-09-30,Kosovo,1800000,906.0,369530,11.0,4115,489.0,59665.0
2020-06-07,Kosovo,1800000,522.0,61520,6.0,661,,0.0
2023-12-23,Kosovo,1800000,648.0,884584,7.0,9880,835.0,833919.0
2023-08-17,Kosovo,1800000,779.0,775525,9.0,8635,859.0,
2022-06-04,Kosovo,1800000,485.0,504569,5.0,5614,1062.0,246729.0
2022-09-06,Kosovo,1800000,876.0,570350,10.0,6353,1005.0,343152.0
2022-09-12,Kosovo,1800000,,575567,9.0,6412,1137.0,349235.0
2023-11-24,Kosovo,1800000,819.0,862639,9.0,9630,1170.0,803541.0
2022-07-04,Kosovo,1800000,628.0,521855,7.0,5805,915.0,276365.0
2023-01-21,Kosovo,1800000,469.0,678691,5.0,7585,1059.0,485699.0
2022-07-28,Kosovo,1800000,,538514,8.0,5992,959.0,300973.0
2021-09-05,Kosovo,1800000,,347174,10.0,3857,368.0,47616.0
2023-05-18,Kosovo,1800000,366.0,719005,4.0,8007,1241.0,607084.0
2023-04-27,Kosovo,1800000,339.0,711112,4.0,7923,1183.0,
2023-12-04,Kosovo,1800000,807.0,870752,9.0,9724,1181.0,813915.0
2021-03-14,Kosovo,1800000,333.0,252558,3.0,2814,,1611.0
2023-05-24,Kosovo,1800000,423.0,721453,4.0,8032,976.0,613346.0
2020-04-06,Kosovo,1800000,325.0,37554,,406,0.0,0.0
2021-12-01,Kosovo,1800000,812.0,424048,9.0,4741,634.0,93686.0
2023-04-02,Kosovo,1800000,319.0,702949,,7839,981.0,559349.0
2022-01-29,Kosovo,1800000,419.0,460381,4.0,5150,840.0,134290.0
2022-12-02,Kosovo,1800000,776.0,646794,9.0,7226,1015.0,432754.0
2021-02-14,Kosovo,1800000,317.0,243754,4.0,2722,17.0,110.0
2021-09-06,Kosovo,1800000,843.0,348017,10.0,3867,410.0,48026.0
2021-08-08,Kosovo,1800000,755.0,324557,8.0,3601,370.0,36212.0
2020-06-05,  Kosovo  ,1800000,,60471,6.0,649,0.0,0.0
2021-08-20,Kosovo,1800000,781.0,333878,9.0,3708,389.0,40972.0
2021-09-12,Kosovo,1800000,889.0,353284,11.0,3929,464.0,50666.0
2021-03-23,Kosovo,1800000,348.0,255498,4.0,2844,105.0,2403.0
2021-05-28,Kosovo,1800000,470.0,278973,5.0,3091,207.0,13527.0
2022-05-15,Kosovo,1800000,364.0,495861,4.0,5522,,226342.0
2022-05-08,  Kosovo  ,1800000,380.0,493226,4.0,5496,1011.0,219432.0
2021-01-25,Kosovo,1800000,454.0,236085,4.0,2636,0.0,0.0
2022-03-19,Kosovo,1800000,318.0,476601,3.0,5322,,173457.0
2022-11-12,Kosovo,1800000,863.0,630207,10.0,7036,862.0,411892.0
2023-06-15,Kosovo,1800000,572.0,732333,7.0,8149,970.0,635934.0
2023-05-30,Kosovo,1800000,441.0,724106,4.0,8059,1119.0,
2022-10-15,Kosovo,1800000,913.0,605429,11.0,6756,983.0,383934.0
2021-07-12,Kosovo,1800000,700.0,305027,8.0,3382,394.0,26493.0
2021-05-05,Kosovo,1800000,339.0,269707,3.0,2991,194.0,8659.0
2021-12-23,Kosovo,1800000,681.0,440318,7.0,4925,625.0,107858.0
2020-11-04,Kosovo,1800000,878.0,179046,10.0,1993,0.0,0.0
2021-04-06,Kosovo,1800000,309.0,259966,4.0,2891,112.0,
2023-08-21,Kosovo,1800000,805.0,778726,9.0,8672,958.0,705191.0
2021-07-06,Kosovo,1800000,699.0,300959,7.0,3335,275.0,24558.0
2023-06-19,Kosovo,1800000,558.0,734636,6.0,8175,1096.0,640060.0
2023-04-23,Kosovo,1800000,338.0,709741,3.0,7907,1225.0,581277.0
2021-12-05,Kosovo,1800000,785.0,427217,9.0,4777,546.0,
2023-02-06,Kosovo,1800000,360.0,685484,4.0,7656,1200.0,
2022-02-09,Kosovo,1800000,337.0,464571,3.0,5196,747.0,142409.0
2022-01-25,Kosovo,1800000,439.0,458685,5.0,5132,634.0,131540.0
2020-12-18,Kosovo,1800000,678.0,214366,8.0,2394,0.0,0.0
2021-12-15,Kosovo,1800000,719.0,434769,7.0,4863,739.0,102654.0
2020-05-04,Kosovo,1800000,397.0,46926,4.0,506,0.0,0.0
2020-06-27,Kosovo,1800000,618.0,72863,7.0,785,0.0,
2020-10-14,Kosovo,1800000,934.0,160053,,1774,0.0,0.0
2023-11-13,Kosovo,1800000,847.0,853349,9.0,9523,947.0,791378.0
2023-04-28,Kosovo,1800000,370.0,711482,4.0,7927,1015.0,586770.0
2020-10-21,Kosovo,1800000,926.0,166461,10.0,1849,0.0,0.0
2020-11-23,Kosovo,1800000,875.0,195224,10.0,2178,0.0,0.0
2021-09-21,Kosovo,1800000,899.0,361309,,4020,526.0,55026.0
2022-06-17,Kosovo,1800000,567.0,511476,6.0,5692,939.0,
2020-03-29,Kosovo,1800000,321.0,35013,4.0,379,0.0,
2022-12-29,Kosovo,1800000,624.0,666194,7.0,7446,848.0,461637.0
2022-08-03,Kosovo,1800000,732.0,542996,8.0,6046,975.0,307154.0
2021-07-08,Kosovo,1800000,689.0,302322,8.0,3351,327.0,25168.0
2022-03-03,Kosovo,1800000,350.0,471733,4.0,5273,700.0,159789.0
2023-09-19,Kosovo,1800000,889.0,803573,10.0,8958,906.0,735061.0
2021-10-30,Kosovo,1800000,,396981,10.0,4430,465.0,75210.0
2022-06-23,Kosovo,1800000,602.0,515048,6.0,5729,,
2020-10-17,Kosovo,1800000,922.0,162788,10.0,1806,0.0,0.0
2023-10-19,Kosovo,1800000,912.0,831021,,9270,873.0,
2023-07-30,Kosovo,1800000,719.0,761914,,8479,1091.0,682307.0
2020-12-14,Kosovo,1800000,737.0,211538,8.0,2363,0.0,0.0
2023-03-18,Kosovo,1800000,317.0,698242,3.0,7789,960.0,543904.0
2023-10-13,Kosovo,1800000,935.0,825531,10.0,9209,1072.0,759400.0
2023-01-10,Kosovo,1800000,525.0,673112,5.0,7523,932.0,474711.0
2021-07-30,Kosovo,1800000,773.0,317814,,3524,,32735.0
2021-04-03,Kosovo,1800000,329.0,259029,4.0,2880,127.0,3640.0
2022-10-06,Kosovo,1800000,929.0,597186,11.0,6661,963.0,374519.0
2020-11-29,Kosovo,1800000,802.0,200097,10.0,2233,0.0,0.0
2023-09-03,Kosovo,1800000,857.0,789551,10.0,8795,1080.0,718432.0
2023-10-17,Kosovo,1800000,883.0,829193,10.0,9250,1141.0,763623.0
2021-11-13,Kosovo,1800000,841.0,409085,9.0,4570,506.0,82891.0
2023-09-21,Kosovo,1800000,,805364,10.0,8978,867.0,736912.0
2020-11-24,Kosovo,1800000,826.0,196050,9.0,2187,0.0,0.0
2020-11-14,Kosovo,1800000,869.0,187673,10.0,2093,0.0,0.0
2023-02-14,Kosovo,1800000,367.0,688220,,7684,1252.0,510299.0
2022-07-07,Kosovo,1800000,635.0,523768,8.0,5828,1077.0,279525.0
2020-01-13,Kosovo,1800000,,7448,6.0,82,0.0,0.0
2020-06-20,Kosovo,1800000,,68669,6.0,739,0.0,0.0
2020-09-17,Kosovo,1800000,863.0,135411,10.0,1497,0.0,0.0
2022-02-21,Kosovo,1800000,301.0,468550,3.0,5239,889.0,
2022-12-30,Kosovo,1800000,,666804,7.0,7453,,462725.0
2022-04-19,Kosovo,1800000,324.0,486652,,5425,864.0,201454.0
2020-05-18,Kosovo,1800000,401.0,52292,4.0,561,0.0,0.0
2021-08-12,Kosovo,1800000,756.0,327567,9.0,3635,416.0,37805.0
2022-03-18,  Kosovo  ,1800000,296.0,476283,,5319,814.0,172591.0
2022-01-15,Kosovo,1800000,533.0,453869,6.0,5077,829.0,124235.0
2020-05-19,Kosovo,1800000,401.0,52693,4.0,565,0.0,0.0
2023-07-05,Kosovo,1800000,650.0,744455,7.0,8282,1139.0,656926.0
2022-04-14,Kosovo,1800000,319.0,485063,3.0,5410,751.0,
2020-08-12,Kosovo,1800000,764.0,105283,8.0,1154,0.0,0.0
2022-01-24,Kosovo,1800000,455.0,458246,5.0,5127,698.0,130906.0
2021-02-13,Kosovo,1800000,326.0,243437,4.0,2718,18.0,93.0
2020-11-21,Kosovo,1800000,869.0,193522,10.0,2159,0.0,0.0
2020-10-26,Kosovo,1800000,893.0,171002,10.0,1900,0.0,0.0
2022-04-26,Kosovo,1800000,309.0,488888,3.0,5447,,208073.0
2023-07-20,Kosovo,1800000,693.0,754645,8.0,8397,1076.0,671680.0
2021-10-05,  Kosovo  ,1800000,906.0,374096,11.0,4167,600.0,62249.0
2023-09-22,Kosovo,1800000,884.0,806248,11.0,8989,1039.0,
2022-06-26,Kosovo,1800000,590.0,516854,7.0,5750,969.0,268037.0
2023-01-25,Kosovo,1800000,445.0,680574,5.0,7605,972.0,489613.0
2021-05-18,Kosovo,1800000,425.0,274706,5.0,3046,186.0,11337.0
2023-06-26,Kosovo,1800000,603.0,738767,6.0,8220,1112.0,647194.0
2020-01-04,Kosovo,1800000,623.0,2469,7.0,29,0.0,0.0
2022-08-16,Kosovo,1800000,791.0,553007,9.0,6159,955.0,321147.0
2021-04-12,Kosovo,1800000,305.0,261888,3.0,2908,,4782.0
2020-11-17,Kosovo,1800000,842.0,190186,9.0,2121,0.0,0.0
2020-01-06,Kosovo,1800000,571.0,3619,6.0,42,0.0,0.0
2022-07-21,Kosovo,1800000,734.0,533407,9.0,5936,1189.0,
2023-10-20,Kosovo,1800000,928.0,831949,11.0,9281,1005.0,766729.0
2023-10-12,Kosovo,1800000,942.0,824596,11.0,9199,1070.0,758328.0
2020-02-09,Kosovo,1800000,361.0,19320,3.0,212,0.0,0.0
2021-06-26,Kosovo,1800000,596.0,294505,7.0,3264,299.0,21306.0
2020-08-30,Kosovo,1800000,825.0,119859,,1320,0.0,0.0
2020-05-16,Kosovo,1800000,415.0,51513,4.0,553,0.0,0.0
2021-08-28,Kosovo,1800000,830.0,340427,10.0,3781,406.0,44038.0
2022-01-11,Kosovo,1800000,539.0,451743,6.0,5053,795.0,121353.0
2023-07-19,Kosovo,1800000,685.0,753952,8.0,8389,890.0,670604.0
2022-11-13,Kosovo,1800000,864.0,631071,10.0,7046,1161.0,413053.0
2023-08-28,Kosovo,1800000,841.0,784507,9.0,8737,1077.0,712591.0
2021-08-04,Kosovo,1800000,740.0,321515,8.0,3566,328.0,34641.0
,Kosovo,1800000,907.0,594475,11.0,6630,955.0,371524.0
2022-01-26,Kosovo,1800000,,459125,4.0,5136,652.0,132192.0
2023-09-20,Kosovo,1800000,871.0,804444,10.0,8968,984.0,736045.0
2021-01-11,Kosovo,1800000,523.0,229144,6.0,2558,0.0,0.0
2020-11-10,Kosovo,1800000,862.0,184282,10.0,2054,0.0,0.0
2021-03-18,Kosovo,1800000,340.0,253860,3.0,2828,102.0,1969.0
2020-11-15,Kosovo,1800000,828.0,188501,,2102,0.0,0.0
2022-02-10,Kosovo,1800000,344.0,464915,4.0,5200,,143053.0
2022-10-02,Kosovo,1800000,933.0,593568,11.0,6619,1175.0,
2021-02-28,Kosovo,1800000,325.0,248200,4.0,2768,51.0,
2021-07-07,Kosovo,1800000,,301633,8.0,3343,283.0,24841.0
2022-05-05,Kosovo,1800000,394.0,492091,5.0,5484,761.0,
2022-09-25,Kosovo,1800000,930.0,587244,11.0,6547,1024.0,363089.0
2023-04-05,Kosovo,1800000,311.0,703896,3.0,7847,1172.0,562679.0
2021-08-22,Kosovo,1800000,802.0,335511,8.0,3725,335.0,41759.0
2020-08-15,Kosovo,1800000,776.0,107599,8.0,1180,0.0,0.0
2023-06-09,Kosovo,1800000,494.0,729025,5.0,8112,973.0,629994.0
2023-10-29,Kosovo,1800000,916.0,840130,10.0,9375,840.0,775468.0
2022-07-26,Kosovo,1800000,727.0,537035,8.0,5976,,298936.0
2021-10-23,Kosovo,1800000,929.0,390652,11.0,4359,,71612.0
2020-03-07,Kosovo,1800000,297.0,28023,3.0,303,0.0,0.0
2023-01-07,Kosovo,1800000,554.0,671513,6.0,7506,1031.0,471706.0
2021-08-02,Kosovo,1800000,742.0,320023,8.0,3549,,
2022-08-04,Kosovo,1800000,,543758,9.0,6055,1069.0,308223.0
2020-07-30,Kosovo,1800000,730.0,95566,9.0,1046,0.0,0.0
2022-09-11,Kosovo,1800000,880.0,574697,10.0,6403,1016.0,348098.0
2023-04-03,Kosovo,1800000,342.0,703291,3.0,7842,972.0,560321.0
2021-06-20,Kosovo,1800000,578.0,290937,7.0,3225,332.0,19669.0
2023-04-08,Kosovo,1800000,325.0,704864,4.0,7858,1057.0,565646.0
2022-12-25,Kosovo,1800000,688.0,663641,8.0,7416,1185.0,457754.0
2020-03-26,Kosovo,1800000,304.0,34048,,368,0.0,0.0
2023-08-12,Kosovo,1800000,760.0,771648,9.0,8591,1105.0,695736.0
2022-09-05,Kosovo,1800000,851.0,569474,10.0,6343,1080.0,342147.0
2023-01-04,Kosovo,1800000,578.0,669805,6.0,7487,1242.0,468585.0
2021-09-26,Kosovo,1800000,912.0,365896,10.0,4072,555.0,57642.0
2023-08-13,Kosovo,1800000,780.0,772428,9.0,8600,1233.0,696969.0
2022-09-26,Kosovo,1800000,887.0,588131,10.0,6557,1129.0,364218.0
2023-09-30,Kosovo,1800000,889.0,813505,9.0,9072,1243.0,746260.0
2022-08-11,Kosovo,1800000,777.0,549106,9.0,6116,1066.0,315800.0
2020-09-30,Kosovo,1800000,927.0,147147,11.0,1628,0.0,0.0
2021-11-24,Kosovo,1800000,831.0,418378,9.0,4676,704.0,
2020-12-28,Kosovo,1800000,642.0,220980,7.0,2470,0.0,0.0
2021-09-14,Kosovo,1800000,910.0,355063,11.0,3950,509.0,51725.0
2020-01-03,Kosovo,1800000,598.0,1846,7.0,22,0.0,0.0
2020-01-07,Kosovo,1800000,576.0,4195,6.0,48,0.0,0.0
2020-11-07,Kosovo,1800000,900.0,181682,11.0,2024,0.0,0.0
2021-09-28,Kosovo,1800000,880.0,367695,10.0,4093,505.0,58655.0
2022-06-18,Kosovo,1800000,608.0,512084,6.0,5698,863.0,259830.0
2023-12-15,Kosovo,1800000,704.0,879052,8.0,9818,1245.0,825479.0
2020-08-03,Kosovo,1800000,720.0,98514,7.0,1078,0.0,0.0
2022-11-07,Kosovo,1800000,832.0,625895,10.0,6989,927.0,407155.0
2020-01-28,Kosovo,1800000,456.0,14638,5.0,160,0.0,0.0
2023-08-08,Kosovo,1800000,744.0,768643,8.0,8557,976.0,691642.0
2022-04-25,Kosovo,1800000,346.0,488579,3.0,5444,844.0,207279.0
2021-10-11,Kosovo,1800000,893.0,379600,,4231,581.0,65346.0
2021-12-22,Kosovo,1800000,688.0,439637,8.0,4918,706.0,107233.0
2022-02-27,Kosovo,1800000,297.0,470399,,5258,656.0,156805.0
2021-09-16,Kosovo,1800000,900.0,356860,10.0,3971,416.0,52537.0
2022-03-22,Kosovo,1800000,330.0,477568,3.0,5332,1010.0,
13/09/2020,Kosovo,1800000,,131886,10.0,1456,0.0,
2020-01-26,Kosovo,1800000,456.0,13750,,150,0.0,0.0
2020-12-02,Kosovo,1800000,787.0,202458,,2260,0.0,0.0
2021-07-26,Kosovo,1800000,712.0,314901,,3492,395.0,31273.0
2020-02-17,  Kosovo  ,1800000,321.0,22018,3.0,241,0.0,0.0
2020-04-16,Kosovo,1800000,340.0,40812,4.0,444,0.0,0.0
2020-12-15,Kosovo,1800000,741.0,212279,8.0,2371,0.0,0.0
2020-02-25,Kosovo,1800000,280.0,24550,3.0,267,0.0,0.0
2023-01-05,Kosovo,1800000,586.0,670391,7.0,7494,,469811.0
2020-08-01,Kosovo,1800000,721.0,97035,8.0,1063,0.0,0.0
2020-04-30,Kosovo,1800000,340.0,45471,4.0,492,0.0,0.0
2023-11-23,Kosovo,1800000,869.0,861820,10.0,9621,1048.0,802371.0
2021-12-07,Kosovo,1800000,,428801,9.0,4795,640.0,97389.0
2020-03-13,Kosovo,1800000,322.0,29890,4.0,324,0.0,0.0
2023-12-06,Kosovo,1800000,796.0,872317,9.0,9742,986.0,816086.0
2021-11-22,Kosovo,1800000,821.0,416697,9.0,4658,526.0,87771.0
2020-02-15,Kosovo,1800000,334.0,21379,,235,0.0,0.0
2023-05-20,Kosovo,1800000,410.0,719783,4.0,8015,991.0,609206.0
2021-06-07,Kosovo,1800000,505.0,283810,6.0,3146,239.0,16042.0
2023-11-07,Kosovo,1800000,876.0,848129,10.0,9465,961.0,785232.0
2022-01-27,Kosovo,1800000,410.0,459535,,5141,658.0,
2022-11-14,Kosovo,1800000,,631938,10.0,7056,1051.0,414104.0
2023-07-28,Kosovo,1800000,742.0,760463,8.0,8463,1177.0,680093.0
2021-06-17,Kosovo,1800000,541.0,289157,5.0,3204,286.0,18695.0
2021-08-26,Kosovo,1800000,848.0,338789,10.0,3762,355.0,43236.0
2021-04-10,Kosovo,1800000,314.0,261242,2.0,2902,141.0,4500.0
2022-09-14,Kosovo,1800000,861.0,577309,10.0,6432,1133.0,351459.0
2023-06-03,Kosovo,1800000,,725986,5.0,8079,1115.0,623462.0
2022-01-14,Kosovo,1800000,528.0,453336,6.0,5071,607.0,123406.0
2022-06-27,Kosovo,1800000,626.0,517480,7.0,5757,875.0,268912.0
2020-03-01,Kosovo,1800000,329.0,26155,3.0,284,0.0,0.0
2022-04-27,Kosovo,1800000,,489223,4.0,5451,1026.0,
2020-04-02,Kosovo,1800000,317.0,36280,4.0,393,0.0,0.0
2021-10-28,Kosovo,1800000,,395207,10.0,4410,631.0,74197.0
2021-11-08,Kosovo,1800000,821.0,404838,10.0,4522,543.0,79944.0
2020-07-13,Kosovo,1800000,703.0,83463,8.0,907,0.0,0.0
2020-10-07,Kosovo,1800000,926.0,153623,11.0,1700,0.0,0.0
2020-12-25,Kosovo,1800000,654.0,219057,7.0,2449,0.0,0.0
2021-06-03,Kosovo,1800000,498.0,281820,,3123,237.0,14968.0
2022-02-16,Kosovo,1800000,328.0,466900,,5221,722.0,147890.0
2022-01-06,Kosovo,1800000,588.0,449017,6.0,5022,640.0,117723.0
2020-07-01,Kosovo,1800000,649.0,75407,7.0,814,0.0,0.0
2023-01-03,Kosovo,1800000,600.0,669227,,7481,1029.0,467343.0
2020-04-20,Kosovo,1800000,365.0,42117,3.0,457,0.0,0.0
2020-02-12,Kosovo,1800000,,20367,3.0,223,0.0,0.0
2023-01-02,Kosovo,1800000,619.0,668627,7.0,7474,1251.0,466314.0
2020-07-23,Kosovo,1800000,720.0,90400,8.0,986,0.0,0.0
2022-03-27,Kosovo,1800000,369.0,479197,4.0,5350,995.0,180831.0
2020-02-22,Kosovo,1800000,315.0,23601,3.0,257,0.0,0.0
2021-06-29,Kosovo,1800000,630.0,296390,7.0,3285,357.0,22275.0
2022-08-07,Kosovo,1800000,745.0,546002,8.0,6080,1185.0,311543.0
2023-12-05,Kosovo,1800000,769.0,871521,9.0,9733,1185.0,815100.0
2022-03-29,Kosovo,1800000,328.0,479844,,5357,1031.0,182846.0
2022-06-28,Kosovo,1800000,615.0,518095,7.0,5764,1036.0,
2020-07-02,Kosovo,1800000,645.0,76052,7.0,821,0.0,0.0
2020-05-17,Kosovo,1800000,378.0,51891,,557,0.0,0.0
2022-07-19,Kosovo,1800000,719.0,531983,,5920,858.0,291520.0
2020-03-21,Kosovo,1800000,302.0,32418,,351,0.0,0.0
2023-03-31,Kosovo,1800000,331.0,702343,3.0,7832,940.0,557189.0
2020-04-15,Kosovo,1800000,333.0,40472,,440,0.0,0.0
2021-06-25,Kosovo,1800000,590.0,293909,6.0,3257,256.0,
2021-12-11,Kosovo,1800000,748.0,431841,8.0,4830,654.0,99923.0
2021-04-25,Kosovo,1800000,320.0,266227,3.0,2954,186.0,6785.0
2020-06-14,Kosovo,1800000,550.0,65255,6.0,703,0.0,0.0
2020-09-05,Kosovo,1800000,836.0,124978,9.0,1377,,0.0
2020-11-03,Kosovo,1800000,,178168,11.0,1983,0.0,0.0
2021-03-22,Kosovo,1800000,326.0,255150,3.0,2840,77.0,2298.0
2023-08-18,Kosovo,1800000,837.0,776362,10.0,8645,1199.0,701992.0
2020-11-30,Kosovo,1800000,754.0,200851,,2242,0.0,0.0
2020-04-07,Kosovo,1800000,325.0,37879,4.0,410,0.0,0.0
2022-08-31,Kosovo,1800000,,565198,9.0,6294,1085.0,336813.0
2022-03-09,Kosovo,1800000,289.0,473571,2.0,5290,777.0,164592.0
2022-06-22,Kosovo,1800000,606.0,514446,6.0,5723,,264143.0
2020-04-12,Kosovo,1800000,297.0,39475,3.0,427,0.0,0.0
2021-03-10,Kosovo,1800000,305.0,251288,3.0,2801,,1303.0
2022-11-29,Kosovo,1800000,815.0,644412,9.0,7198,945.0,429707.0
2023-08-03,Kosovo,1800000,735.0,764892,8.0,8514,1155.0,686347.0
2022-04-18,Kosovo,1800000,295.0,486328,3.0,5422,,200590.0
2023-08-22,Kosovo,1800000,811.0,779537,9.0,8681,1015.0,706206.0
2020-10-29,Kosovo,1800000,901.0,173727,11.0,1932,0.0,0.0
2023-05-19,Kosovo,1800000,368.0,719373,4.0,8011,1131.0,608215.0
2023-04-11,Kosovo,1800000,353.0,705868,4.0,7868,863.0,568754.0
2021-01-23,Kosovo,1800000,450.0,235175,5.0,2627,0.0,0.0
2020-08-23,Kosovo,1800000,811.0,114030,,1252,0.0,0.0
2023-05-02,Kosovo,1800000,358.0,712926,,7942,,590869.0
2020-09-24,Kosovo,1800000,896.0,141673,10.0,1566,,0.0
2020-11-01,Kosovo,1800000,897.0,176357,10.0,1962,0.0,0.0
2020-04-27,Kosovo,1800000,383.0,44480,4.0,481,0.0,0.0
2023-12-11,Kosovo,1800000,766.0,876137,8.0,9785,999.0,821147.0
2021-11-04,Kosovo,1800000,874.0,401396,10.0,4482,515.0,77850.0
2020-09-06,Kosovo,1800000,841.0,125819,9.0,1386,0.0,0.0
2023-03-14,Kosovo,1800000,313.0,696994,3.0,7778,1123.0,539793.0
2023-08-10,Kosovo,1800000,743.0,770123,8.0,8573,883.0,693635.0
2020-03-12,Kosovo,1800000,289.0,29568,3.0,320,0.0,0.0
2020-04-04,Kosovo,1800000,306.0,36916,3.0,399,0.0,0.0
2022-03-20,Kosovo,1800000,324.0,476925,4.0,5326,865.0,174322.0
2020-02-03,Kosovo,1800000,397.0,17100,,187,,0.0
2023-01-08,Kosovo,1800000,551.0,672064,6.0,7512,905.0,472611.0
2021-03-24,Kosovo,1800000,,255787,,2847,120.0,2523.0
2021-03-21,Kosovo,1800000,341.0,254824,3.0,2837,76.0,2221.0
17/12/2021,Kosovo,1800000,704.0,436154,8.0,4878,573.0,103883.0
2022-10-24,Kosovo,1800000,889.0,613521,10.0,6848,976.0,392862.0
2023-01-22,Kosovo,1800000,465.0,679156,5.0,7590,916.0,486615.0
2022-05-12,Kosovo,1800000,408.0,494713,4.0,5510,1099.0,223520.0
2022-09-28,Kosovo,1800000,904.0,589919,11.0,6577,1020.0,366344.0
2020-03-18,Kosovo,1800000,324.0,31466,3.0,341,,0.0
2020-03-25,Kosovo,1800000,315.0,33744,,365,,0.0
2022-03-07,Kosovo,1800000,284.0,472953,3.0,5285,959.0,
2020-03-23,Kosovo,1800000,337.0,33095,4.0,358,0.0,0.0
2021-04-02,Kosovo,1800000,327.0,258700,4.0,2876,131.0,3513.0
2022-09-01,Kosovo,1800000,871.0,566069,10.0,6304,946.0,337759.0
2021-11-07,Kosovo,1800000,,404017,10.0,4512,475.0,79401.0
2022-07-31,Kosovo,1800000,756.0,540790,9.0,6020,,303868.0
2022-11-20,Kosovo,1800000,837.0,637021,9.0,7114,1134.0,420669.0
2021-03-12,Kosovo,1800000,99999.0,251907,3.0,2807,84.0,1455.0
2021-10-06,Kosovo,1800000,895.0,374991,10.0,4177,437.0,62686.0
2023-02-15,Kosovo,1800000,321.0,688541,4.0,7688,1180.0,511479.0
2023-06-14,Kosovo,1800000,,731761,6.0,8142,878.0,634964.0
2023-03-13,Kosovo,1800000,301.0,696681,4.0,7775,1003.0,538670.0
2021-02-08,Kosovo,1800000,347.0,241711,4.0,2698,8.0,19.0
2023-10-15,Kosovo,1800000,898.0,827360,10.0,9230,944.0,761433.0
2022-06-13,Kosovo,1800000,559.0,509294,6.0,5668,1014.0,255041.0
2022-08-06,Kosovo,1800000,754.0,545257,8.0,6072,1141.0,310358.0
2020-04-14,Kosovo,1800000,,40139,5.0,436,0.0,0.0
2021-09-01,Kosovo,1800000,883.0,343770,10.0,3818,464.0,45938.0
2022-03-04,Kosovo,1800000,307.0,472040,3.0,5276,822.0,160611.0
2022-09-24,Kosovo,1800000,894.0,586314,10.0,6536,,362065.0
2022-06-11,Kosovo,1800000,534.0,508160,6.0,5656,,253173.0
2020-03-03,Kosovo,1800000,326.0,26822,4.0,291,0.0,0.0
2020-10-08,Kosovo,1800000,937.0,154560,11.0,1711,0.0,0.0
2022-08-26,Kosovo,1800000,854.0,561093,10.0,6248,1129.0,331715.0
2020-08-26,Kosovo,1800000,837.0,116512,10.0,1282,0.0,0.0
2020-08-11,Kosovo,1800000,775.0,104519,,1146,,0.0
2020-05-25,Kosovo,1800000,428.0,55256,4.0,591,0.0,0.0
2023-09-29,Kosovo,1800000,916.0,812616,,9063,929.0,745017.0
2021-01-08,Kosovo,1800000,563.0,227549,6.0,2542,0.0,0.0
2020-04-28,Kosovo,1800000,312.0,44792,3.0,484,0.0,0.0
2023-01-06,Kosovo,1800000,568.0,670959,6.0,7500,864.0,
2020-09-07,Kosovo,1800000,877.0,126696,11.0,1397,0.0,0.0
2023-11-12,Kosovo,1800000,,852502,10.0,9514,1146.0,
2020-01-10,Kosovo,1800000,537.0,5808,5.0,65,0.0,
2021-03-25,Kosovo,1800000,294.0,256081,2.0,2849,88.0,2611.0
2021-12-09,Kosovo,1800000,779.0,430343,9.0,4813,557.0,
2020-09-12,Kosovo,1800000,883.0,131009,10.0,1446,0.0,
2021-08-16,Kosovo,1800000,779.0,330686,9.0,3670,433.0,39326.0
2021-01-24,Kosovo,1800000,456.0,235631,5.0,2632,0.0,0.0
2022-07-06,Kosovo,1800000,651.0,523133,8.0,5820,1232.0,278448.0
2023-03-19,Kosovo,1800000,,698536,4.0,7793,903.0,544807.0
2021-07-11,Kosovo,1800000,664.0,304327,8.0,3374,318.0,26099.0
2023-06-13,Kosovo,1800000,527.0,731201,6.0,8136,1154.0,634086.0
2022-11-18,Kosovo,1800000,854.0,635339,,7095,,418436.0
2021-04-05,Kosovo,1800000,303.0,259657,3.0,2887,106.0,3883.0
2021-12-24,Kosovo,1800000,659.0,440977,7.0,4932,586.0,
2023-09-13,Kosovo,1800000,879.0,798236,10.0,8897,1048.0,728948.0
2020-05-24,  Kosovo  ,1800000,430.0,54828,4.0,587,0.0,0.0
2021-05-16,Kosovo,1800000,395.0,273890,4.0,3036,,10960.0
2022-12-10,Kosovo,1800000,721.0,652914,8.0,7295,1108.0,441454.0
2022-01-09,Kosovo,1800000,534.0,450649,5.0,5040,776.0,119822.0
2023-09-16,Kosovo,1800000,892.0,800856,10.0,8926,1071.0,732065.0
2022-01-01,Kosovo,1800000,630.0,446065,7.0,4990,704.0,114169.0
2021-06-23,Kosovo,1800000,601.0,292689,7.0,3244,268.0,20486.0
2020-06-26,Kosovo,1800000,613.0,72245,6.0,778,0.0,0.0
2023-11-14,Kosovo,1800000,865.0,854214,10.0,9533,1214.0,792592.0
2021-11-28,Kosovo,1800000,803.0,421627,10.0,4713,688.0,91659.0
2022-06-20,Kosovo,1800000,590.0,513254,7.0,5711,1151.0,261895.0
2022-10-23,Kosovo,1800000,917.0,612632,11.0,6838,,391886.0
2023-01-15,Kosovo,1800000,-1.0,675754,6.0,7552,892.0,479448.0
2023-09-09,Kosovo,1800000,870.0,794772,,8857,1154.0,724888.0
2023-12-29,Kosovo,1800000,630.0,888419,7.0,9922,1170.0,
2020-01-08,Kosovo,1800000,535.0,4730,6.0,54,0.0,0.0
2022-04-04,Kosovo,1800000,,481840,3.0,5376,806.0,188358.0
2021-10-29,Kosovo,1800000,903.0,396110,10.0,4420,548.0,74745.0
2023-02-08,Kosovo,1800000,364.0,686198,,7663,1097.0,503982.0
2020-12-23,Kosovo,1800000,673.0,217734,8.0,2434,0.0,0.0
2022-02-22,Kosovo,1800000,341.0,468891,,5242,902.0,152820.0
2022-09-16,Kosovo,1800000,876.0,579078,10.0,6452,948.0,353247.0
2020-11-25,Kosovo,1800000,825.0,196875,9.0,2196,,0.0
2022-10-29,Kosovo,1800000,874.0,618017,10.0,6898,839.0,397481.0
2023-03-05,Kosovo,1800000,332.0,694203,4.0,7749,1248.0,530470.0
2022-12-28,Kosovo,1800000,642.0,665570,8.0,7439,,460789.0
2020-09-15,Kosovo,1800000,896.0,133656,10.0,1476,0.0,0.0
2023-02-23,Kosovo,1800000,306.0,691004,4.0,7715,1148.0,519694.0
2021-01-07,Kosovo,1800000,575.0,226986,6.0,2536,0.0,0.0
2022-12-15,Kosovo,1800000,734.0,656673,8.0,7338,1222.0,446999.0
2022-06-05,Kosovo,1800000,505.0,505074,6.0,5620,,
2020-05-22,Kosovo,1800000,451.0,53982,4.0,578,0.0,0.0
2021-06-09,Kosovo,1800000,516.0,284860,6.0,3158,294.0,16622.0
2023-01-17,Kosovo,1800000,477.0,676743,6.0,7565,1038.0,481381.0
2022-08-22,Kosovo,1800000,791.0,557795,9.0,6211,1009.0,327481.0
2023-01-01,Kosovo,1800000,607.0,668008,7.0,7467,1143.0,465063.0
2023-10-24,Kosovo,1800000,908.0,835613,,9325,910.0,770788.0
2021-03-16,Kosovo,1800000,345.0,253197,4.0,2821,70.0,1766.0
2021-06-15,Kosovo,1800000,543.0,288054,7.0,3192,260.0,18136.0
2023-03-20,Kosovo,1800000,321.0,698857,3.0,7796,1212.0,546019.0
2020-08-14,Kosovo,1800000,764.0,106823,9.0,1172,0.0,0.0
2022-10-01,Kosovo,1800000,905.0,592635,10.0,6608,902.0,369394.0
2020-08-16,Kosovo,1800000,788.0,108387,9.0,1189,0.0,
2023-06-05,Kosovo,1800000,478.0,726965,5.0,8090,1143.0,625784.0
2023-06-23,Kosovo,1800000,,736975,6.0,8200,840.0,644172.0
2020-07-31,Kosovo,1800000,748.0,96314,9.0,1055,,0.0
2020-03-20,Kosovo,1800000,298.0,32116,3.0,348,0.0,0.0
2020-05-28,Kosovo,1800000,466.0,56599,5.0,606,0.0,0.0
2022-03-25,Kosovo,1800000,,478519,3.0,5342,761.0,178966.0
2022-05-14,Kosovo,1800000,385.0,495497,4.0,5518,1037.0,225513.0
2022-05-23,Kosovo,1800000,419.0,499062,4.0,5556,,234308.0
2021-11-02,Kosovo,1800000,865.0,399636,10.0,4462,622.0,76865.0
2023-10-26,Kosovo,1800000,910.0,837411,10.0,9345,1080.0,772806.0
2021-07-09,Kosovo,1800000,661.0,302983,7.0,3358,335.0,25503.0
2023-01-13,Kosovo,1800000,521.0,674693,6.0,7541,978.0,477595.0
2020-05-13,Kosovo,1800000,417.0,50298,4.0,541,0.0,0.0
2022-12-19,Kosovo,1800000,681.0,659498,8.0,7371,1228.0,451480.0
2022-04-03,Kosovo,1800000,307.0,481498,3.0,5373,812.0,187552.0
2021-02-12,Kosovo,1800000,,243111,4.0,2714,19.0,75.0
2022-09-13,Kosovo,1800000,881.0,576448,10.0,6422,1091.0,350326.0
2021-05-22,Kosovo,1800000,412.0,276342,4.0,3064,226.0,12189.0
2023-03-01,Kosovo,1800000,317.0,692890,3.0,7735,1224.0,525923.0
2021-05-19,Kosovo,1800000,415.0,275121,5.0,3051,214.0,11551.0
2022-09-17,Kosovo,1800000,923.0,580001,10.0,6462,1088.0,354335.0
2020-12-13,Kosovo,1800000,747.0,210801,8.0,2355,0.0,0.0
2021-01-21,Kosovo,1800000,488.0,234244,6.0,2617,0.0,0.0
2020-01-01,Kosovo,1800000,626.0,626,7.0,7,0.0,0.0
2020-12-26,Kosovo,1800000,659.0,219716,,2456,0.0,0.0
2022-04-08,Kosovo,1800000,332.0,483178,4.0,5392,934.0,191816.0
2023-10-16,Kosovo,1800000,950.0,828310,10.0,9240,1049.0,762482.0
2021-04-20,Kosovo,1800000,339.0,264566,4.0,2937,146.0,5936.0
2023-06-06,Kosovo,1800000,529.0,727494,5.0,8095,948.0,626732.0
2020-02-27,Kosovo,1800000,311.0,25176,3.0,274,0.0,0.0
2021-09-29,Kosovo,1800000,929.0,368624,11.0,4104,521.0,59176.0
2023-07-02,Kosovo,1800000,643.0,742491,7.0,8261,1117.0,653730.0
2022-10-27,Kosovo,1800000,850.0,616199,10.0,6878,842.0,395545.0
2023-06-22,Kosovo,1800000,588.0,736385,6.0,8194,1223.0,643332.0
2020-06-21,Kosovo,1800000,579.0,69248,7.0,746,0.0,0.0
2021-03-26,Kosovo,1800000,332.0,256413,4.0,2853,92.0,2703.0
2020-05-05,Kosovo,1800000,345.0,47271,4.0,510,0.0,0.0
2022-07-27,Kosovo,1800000,737.0,537772,8.0,5984,1078.0,
2021-06-14,Kosovo,1800000,553.0,287511,,3185,289.0,17876.0
2022-05-07,Kosovo,1800000,375.0,492846,4.0,5492,877.0,218421.0
2021-12-14,Kosovo,1800000,734.0,434050,9.0,4856,708.0,101915.0
2020-03-31,Kosovo,1800000,332.0,35661,3.0,386,0.0,0.0
2023-11-18,Kosovo,1800000,826.0,857579,9.0,9571,938.0,796834.0
2020-06-30,Kosovo,1800000,630.0,74758,7.0,807,0.0,0.0
2022-05-25,Kosovo,1800000,444.0,499968,5.0,5566,1000.0,236223.0
2022-08-23,Kosovo,1800000,809.0,558604,9.0,6220,951.0,328432.0
2022-02-25,Kosovo,1800000,297.0,469807,4.0,5252,698.0,155215.0
2021-02-18,Kosovo,1800000,366.0,245064,4.0,2736,25.0,213.0
2020-09-08,Kosovo,1800000,839.0,127535,,1407,0.0,0.0
2020-03-10,Kosovo,1800000,332.0,28958,3.0,313,0.0,0.0
2022-03-14,Kosovo,1800000,,475075,3.0,5306,868.0,169008.0
2020-05-11,Kosovo,1800000,,49500,3.0,533,0.0,0.0
2020-10-27,Kosovo,1800000,912.0,171914,10.0,1910,0.0,0.0
2022-09-09,Kosovo,1800000,861.0,572946,10.0,6383,1116.0,346209.0
2020-11-22,Kosovo,1800000,827.0,194349,9.0,2168,0.0,0.0
2023-12-02,Kosovo,1800000,797.0,869155,10.0,9705,914.0,811647.0
2022-12-24,Kosovo,1800000,684.0,662953,8.0,7408,906.0,456569.0
2021-05-14,Kosovo,1800000,381.0,273131,4.0,3028,245.0,10590.0
2023-07-22,Kosovo,1800000,,756092,9.0,8415,1140.0,673969.0
2022-04-12,Kosovo,1800000,323.0,484422,4.0,5404,829.0,195140.0
2020-12-30,Kosovo,1800000,615.0,222227,7.0,2484,0.0,0.0
2021-05-10,Kosovo,1800000,391.0,271626,4.0,3012,194.0,9708.0
2023-09-26,Kosovo,1800000,923.0,809874,11.0,9031,1063.0,742062.0
2020-12-04,Kosovo,1800000,764.0,203985,9.0,2277,0.0,0.0
2021-02-25,Kosovo,1800000,,247272,3.0,2758,45.0,481.0
2020-06-13,Kosovo,1800000,555.0,64705,6.0,697,0.0,0.0
2020-01-29,Kosovo,1800000,,15054,4.0,164,0.0,0.0
2021-05-31,Kosovo,1800000,467.0,280360,6.0,3107,253.0,14270.0
12/07/2020,Kosovo,1800000,689.0,82760,9.0,899,0.0,0.0
2022-07-20,Kosovo,1800000,690.0,532673,7.0,5927,931.0,292451.0
2023-08-24,Kosovo,1800000,829.0,781169,10.0,8700,1181.0,708614.0
2023-08-23,Kosovo,1800000,803.0,780340,9.0,8690,1227.0,707433.0
2020-06-18,Kosovo,1800000,,67520,6.0,727,0.0,0.0
2020-06-16,Kosovo,1800000,,66390,6.0,715,0.0,0.0
2021-10-14,Kosovo,1800000,952.0,382384,12.0,4263,547.0,66951.0
2020-06-22,Kosovo,1800000,567.0,69815,6.0,752,0.0,0.0
2021-06-02,Kosovo,1800000,484.0,281322,5.0,3118,263.0,14731.0
2023-04-18,Kosovo,1800000,313.0,708078,3.0,7890,1000.0,575801.0
2023-05-05,Kosovo,1800000,369.0,714044,4.0,7954,1110.0,594312.0
2022-07-01,Kosovo,1800000,613.0,519966,6.0,5784,1150.0,273302.0
2021-05-06,Kosovo,1800000,397.0,270104,5.0,2996,207.0,8866.0
2020-03-14,Kosovo,1800000,296.0,30186,3.0,327,0.0,0.0
2023-07-13,Kosovo,1800000,647.0,749813,8.0,8343,1088.0,664787.0
2021-08-10,Kosovo,1800000,765.0,326075,,3618,463.0,36996.0
2022-01-20,Kosovo,1800000,465.0,456377,5.0,5106,734.0,
2021-10-19,Kosovo,1800000,893.0,386976,10.0,4316,499.0,69500.0
2022-04-22,Kosovo,1800000,317.0,487548,3.0,5434,990.0,204457.0
2020-08-22,Kosovo,1800000,803.0,113219,9.0,1244,0.0,0.0
2022-01-02,Kosovo,1800000,607.0,446672,7.0,4997,585.0,114754.0
2020-08-02,Kosovo,1800000,759.0,97794,8.0,1071,0.0,0.0
2020-06-11,Kosovo,1800000,515.0,63591,5.0,684,0.0,0.0
2020-05-12,Kosovo,1800000,381.0,49881,4.0,537,0.0,
2022-12-16,Kosovo,1800000,715.0,657388,8.0,7346,1055.0,448054.0
2020-08-10,Kosovo,1800000,741.0,103744,,1138,,0.0
2023-04-14,Kosovo,1800000,,706834,3.0,7878,1003.0,571715.0
2020-07-04,Kosovo,1800000,,77350,8.0,836,0.0,0.0
2020-02-11,Kosovo,1800000,373.0,20042,4.0,220,0.0,0.0
2021-11-23,Kosovo,1800000,850.0,417547,9.0,4667,614.0,88385.0
2020-04-18,Kosovo,1800000,309.0,41438,3.0,451,0.0,0.0
2020-02-08,Kosovo,1800000,367.0,18959,4.0,209,0.0,0.0
2021-07-22,Kosovo,1800000,699.0,312028,,3461,343.0,29837.0
2023-07-08,Kosovo,1800000,653.0,746435,7.0,8303,1003.0,659870.0
2023-12-27,Kosovo,1800000,624.0,887160,6.0,9908,1094.0,838170.0
2023-11-09,Kosovo,1800000,861.0,849867,10.0,9485,889.0,
2021-04-28,Kosovo,1800000,349.0,267245,4.0,2966,152.0,7314.0
2021-04-13,Kosovo,1800000,,262254,4.0,2912,153.0,4935.0
2022-06-09,Kosovo,1800000,527.0,507114,6.0,5644,843.0,251377.0
2020-01-25,Kosovo,1800000,463.0,13294,4.0,145,0.0,
2022-08-24,Kosovo,1800000,811.0,559415,,6229,1244.0,329676.0
2022-12-04,Kosovo,1800000,762.0,648351,9.0,7243,,
2020-03-09,Kosovo,1800000,303.0,28626,3.0,310,0.0,0.0
2022-06-03,Kosovo,1800000,482.0,504084,5.0,5609,899.0,245667.0
2023-05-21,Kosovo,1800000,395.0,720178,4.0,8019,1013.0,610219.0
2021-01-01,Kosovo,1800000,617.0,223465,6.0,2497,0.0,0.0
2021-05-20,Kosovo,1800000,408.0,275529,5.0,3056,226.0,
2022-04-30,Kosovo,1800000,339.0,490244,4.0,5463,789.0,211803.0
2023-07-10,Kosovo,1800000,651.0,747773,7.0,8318,840.0,661594.0
2021-01-18,Kosovo,1800000,495.0,232782,6.0,2600,0.0,0.0
2022-01-04,Kosovo,1800000,,447840,7.0,5010,797.0,116313.0
2021-12-18,Kosovo,1800000,722.0,436876,8.0,4886,556.0,104439.0
2023-07-29,Kosovo,1800000,732.0,761195,,8471,1123.0,681216.0
2021-03-30,Kosovo,1800000,337.0,257745,3.0,2865,100.0,3149.0
2020-09-21,Kosovo,1800000,907.0,138956,10.0,1536,0.0,
2020-03-16,Kosovo,1800000,323.0,30836,4.0,335,0.0,0.0
2022-07-03,Kosovo,1800000,653.0,521227,7.0,5798,984.0,275450.0
2020-08-20,Kosovo,1800000,803.0,111596,9.0,1225,0.0,0.0
2021-03-20,Kosovo,1800000,,254483,3.0,2834,,2145.0
2021-01-30,Kosovo,1800000,425.0,238277,5.0,2660,0.0,0.0
2021-09-03,Kosovo,1800000,,345472,9.0,3837,,46774.0
2020-06-25,Kosovo,1800000,623.0,71632,7.0,772,0.0,
2020-01-19,Kosovo,1800000,,10497,5.0,115,0.0,
2023-11-17,Kosovo,1800000,820.0,856753,9.0,9562,861.0,795896.0
2022-10-30,Kosovo,1800000,896.0,618913,11.0,6909,1184.0,398665.0
2020-12-07,Kosovo,1800000,760.0,206328,9.0,2304,0.0,0.0
2022-10-04,Kosovo,1800000,900.0,595375,10.0,6640,1050.0,372574.0
2022-05-29,Kosovo,1800000,459.0,501773,5.0,5586,1112.0,240357.0
2021-08-18,Kosovo,1800000,806.0,332286,10.0,3689,375.0,40186.0
2020-03-02,Kosovo,1800000,,26496,3.0,287,0.0,0.0
2023-05-17,Kosovo,1800000,384.0,718639,5.0,8003,852.0,605843.0
2020-09-29,Kosovo,1800000,871.0,146220,10.0,1617,0.0,0.0
2023-03-27,Kosovo,1800000,321.0,701114,3.0,7820,1057.0,553140.0
2022-05-22,Kosovo,1800000,427.0,498643,4.0,5552,1023.0,233138.0
2023-12-31,Kosovo,1800000,638.0,889669,7.0,9935,1196.0,842503.0
2023-10-07,Kosovo,1800000,904.0,819962,11.0,9146,890.0,753184.0
2020-10-05,Kosovo,1800000,912.0,151769,10.0,1679,0.0,0.0
2023-02-07,Kosovo,1800000,350.0,685834,3.0,7659,835.0,502885.0
2021-11-25,Kosovo,1800000,815.0,419193,9.0,4685,601.0,
2021-01-03,Kosovo,1800000,600.0,224686,7.0,2511,,0.0
2023-09-12,Kosovo,1800000,869.0,797357,10.0,8887,,727900.0
2020-02-06,Kosovo,1800000,,18267,5.0,201,0.0,0.0
2022-01-05,Kosovo,1800000,,448429,,5016,770.0,117083.0
2023-07-26,Kosovo,1800000,772.0,758990,9.0,8447,1061.0,677854.0
2021-10-24,Kosovo,1800000,926.0,391578,10.0,4369,521.0,72133.0
2023-07-14,Kosovo,1800000,665.0,750478,7.0,8350,874.0,665661.0
2023-08-14,Kosovo,1800000,780.0,773208,,8608,1086.0,698055.0
2022-09-04,Kosovo,1800000,871.0,568623,10.0,6333,1230.0,341067.0
2021-07-01,Kosovo,1800000,99999.0,297668,7.0,3300,320.0,
2023-03-12,Kosovo,1800000,,696380,4.0,7771,1076.0,537667.0
2021-11-19,Kosovo,1800000,833.0,414165,10.0,4628,580.0,86153.0
2022-01-08,Kosovo,1800000,526.0,450115,6.0,5035,733.0,119046.0
2020-07-10,Kosovo,1800000,637.0,81406,7.0,882,0.0,0.0
2022-07-08,Kosovo,1800000,,524464,8.0,5836,953.0,280478.0
2021-04-01,Kosovo,1800000,330.0,258373,3.0,2872,102.0,3382.0
2022-05-18,Kosovo,1800000,401.0,497053,,5536,894.0,229195.0
2021-01-28,Kosovo,1800000,446.0,237429,5.0,2651,0.0,0.0
2021-11-06,Kosovo,1800000,886.0,403161,10.0,4502,562.0,78926.0
2022-01-30,Kosovo,1800000,426.0,460807,6.0,5156,689.0,134979.0
2023-12-12,Kosovo,1800000,750.0,876887,9.0,9794,989.0,822136.0
2021-12-29,Kosovo,1800000,645.0,444203,8.0,4969,730.0,112058.0
23/02/2021,Kosovo,1800000,339.0,246634,3.0,2752,,399.0
2021-01-10,Kosovo,1800000,530.0,228621,5.0,2552,0.0,0.0
2021-02-16,Kosovo,1800000,294.0,244354,3.0,2728,26.0,157.0
2020-03-15,Kosovo,1800000,327.0,30513,4.0,331,0.0,0.0
2023-10-03,Kosovo,1800000,927.0,816268,,9104,1197.0,749507.0
2023-02-20,Kosovo,1800000,292.0,690089,,7705,855.0,516464.0
2021-05-15,Kosovo,1800000,364.0,273495,4.0,3032,173.0,10763.0
2022-04-05,Kosovo,1800000,339.0,482179,4.0,5380,814.0,189172.0
2020-07-14,Kosovo,1800000,673.0,84136,8.0,915,0.0,0.0
2023-02-05,Kosovo,1800000,369.0,685124,4.0,7652,1116.0,500850.0
2021-09-08,Kosovo,1800000,,349755,10.0,3887,378.0,48881.0
2020-04-24,Kosovo,1800000,322.0,43429,4.0,471,0.0,0.0
2021-02-21,Kosovo,1800000,307.0,245988,,2746,39.0,313.0
2021-08-24,Kosovo,1800000,793.0,337136,9.0,3743,337.0,
2022-08-27,Kosovo,1800000,,561889,9.0,6257,1001.0,332716.0
2022-07-10,Kosovo,1800000,671.0,525820,8.0,5852,1161.0,282869.0
2021-08-27,Kosovo,1800000,808.0,339597,9.0,3771,396.0,43632.0
2023-11-02,Kosovo,1800000,865.0,843734,10.0,9416,1202.0,780201.0
2020-03-30,Kosovo,1800000,316.0,35329,4.0,383,0.0,
2022-04-28,Kosovo,1800000,337.0,489560,,5455,851.0,209950.0
2023-01-24,Kosovo,1800000,479.0,680129,5.0,7600,986.0,488641.0
2023-11-01,Kosovo,1800000,894.0,842869,,9406,,778999.0
2022-01-23,Kosovo,1800000,464.0,457791,6.0,5122,776.0,130208.0
2021-05-13,Kosovo,1800000,402.0,272750,4.0,3024,190.0,10345.0
2020-01-12,Kosovo,1800000,542.0,6923,5.0,76,0.0,
2021-01-31,Kosovo,1800000,416.0,238693,4.0,2664,0.0,0.0
2020-10-11,Kosovo,1800000,887.0,157274,10.0,1742,0.0,0.0
2021-11-21,Kosovo,1800000,861.0,415876,10.0,4649,595.0,87245.0
2023-04-17,Kosovo,1800000,303.0,707765,2.0,7887,1117.0,574801.0
2023-10-04,Kosovo,1800000,923.0,817191,10.0,9114,893.0,750400.0
2021-11-20,Kosovo,1800000,,415015,11.0,4639,497.0,86650.0
2022-05-01,Kosovo,1800000,333.0,490577,,5466,1070.0,212873.0
2020-06-08,Kosovo,1800000,521.0,62041,6.0,667,0.0,0.0
2022-06-14,Kosovo,1800000,510.0,509804,6.0,5674,844.0,255885.0
2023-03-09,Kosovo,1800000,323.0,695418,3.0,7761,898.0,534436.0
2020-09-14,Kosovo,1800000,-1.0,132760,10.0,1466,0.0,0.0
2020-12-01,Kosovo,1800000,820.0,201671,9.0,2251,0.0,0.0
2023-10-08,Kosovo,1800000,946.0,820908,10.0,9156,1037.0,754221.0
2022-11-05,Kosovo,1800000,862.0,624199,10.0,6969,991.0,404977.0
2021-05-30,Kosovo,1800000,-1.0,279893,5.0,3101,,14017.0
2022-10-12,Kosovo,1800000,929.0,602679,10.0,6723,910.0,381017.0
2022-02-07,Kosovo,1800000,368.0,463880,4.0,5190,825.0,
2023-07-11,Kosovo,1800000,,748473,8.0,8326,1235.0,662829.0
2022-01-31,Kosovo,1800000,408.0,461215,5.0,5161,629.0,135608.0
2022-12-14,Kosovo,1800000,763.0,655939,,7330,997.0,445777.0
2021-06-05,Kosovo,1800000,99999.0,282795,6.0,3134,290.0,15524.0
2020-01-23,Kosovo,1800000,443.0,12376,5.0,136,0.0,0.0
2020-12-22,Kosovo,1800000,,217061,8.0,2426,0.0,0.0
2023-05-28,Kosovo,1800000,474.0,723212,5.0,8050,,617230.0
2020-12-06,Kosovo,1800000,787.0,205568,8.0,2295,0.0,0.0
2021-03-07,Kosovo,1800000,327.0,250323,4.0,2790,73.0,1075.0
2021-04-18,Kosovo,1800000,348.0,263872,4.0,2929,123.0,5613.0
2020-08-05,Kosovo,1800000,772.0,100024,9.0,1096,0.0,0.0
2022-06-30,Kosovo,1800000,645.0,519353,7.0,5778,1249.0,272152.0
2023-03-23,Kosovo,1800000,290.0,699843,3.0,7806,839.0,549178.0
2022-10-08,Kosovo,1800000,917.0,599003,10.0,6681,1066.0,376631.0
2023-11-26,Kosovo,1800000,831.0,864290,10.0,9649,1230.0,805882.0
2020-04-03,Kosovo,1800000,330.0,36610,3.0,396,0.0,0.0
2022-10-05,Kosovo,1800000,882.0,596257,10.0,6650,982.0,373556.0
2021-11-27,Kosovo,1800000,797.0,420824,9.0,4703,656.0,90971.0
2022-09-23,Kosovo,1800000,909.0,585420,11.0,6526,1060.0,360856.0
2020-06-02,Kosovo,1800000,503.0,58974,5.0,632,0.0,0.0
2023-06-25,Kosovo,1800000,589.0,738164,7.0,8214,1064.0,
2020-04-12,Kosovo,1800000,297.0,39475,3.0,427,0.0,0.0
2022-02-28,Kosovo,1800000,339.0,470738,4.0,5262,760.0,157565.0
2021-08-03,Kosovo,1800000,752.0,320775,9.0,3558,346.0,34313.0
2021-12-04,  Kosovo  ,1800000,778.0,426432,9.0,4768,552.0,95673.0
2023-05-15,Kosovo,1800000,393.0,717860,4.0,7994,999.0,604152.0
2021-05-02,Kosovo,1800000,338.0,268648,3.0,2980,217.0,8050.0
2021-07-13,Kosovo,1800000,696.0,305723,9.0,3391,302.0,26795.0
2022-03-12,Kosovo,1800000,285.0,474498,3.0,5300,756.0,167145.0
2021-05-27,Kosovo,1800000,,278503,5.0,3086,189.0,13320.0
2021-09-25,Kosovo,1800000,917.0,364984,10.0,4062,548.0,57087.0
2023-07-31,Kosovo,1800000,765.0,762679,9.0,8488,987.0,683294.0
2022-03-01,Kosovo,1800000,312.0,471050,3.0,5265,752.0,158317.0
2020-04-26,Kosovo,1800000,343.0,44097,3.0,477,0.0,0.0
2022-01-10,Kosovo,1800000,555.0,451204,7.0,5047,736.0,120558.0
2022-12-17,Kosovo,1800000,724.0,658112,9.0,7355,1082.0,449136.0
2022-04-10,Kosovo,1800000,292.0,483791,2.0,5397,741.0,193301.0
2020-04-29,Kosovo,1800000,339.0,45131,4.0,488,0.0,0.0
2021-10-18,Kosovo,1800000,932.0,386083,11.0,4306,538.0,69001.0
2021-09-27,Kosovo,1800000,919.0,366815,11.0,4083,,
2021-01-04,Kosovo,1800000,617.0,225303,7.0,2518,0.0,0.0
2020-09-25,Kosovo,1800000,894.0,142567,10.0,1576,0.0,0.0
2021-10-17,Kosovo,1800000,913.0,385151,10.0,4295,593.0,
2022-07-24,Kosovo,1800000,735.0,535559,8.0,5960,1172.0,296694.0
2022-04-02,Kosovo,1800000,356.0,481191,4.0,5370,959.0,186740.0
2022-05-16,Kosovo,1800000,417.0,496278,5.0,5527,901.0,227243.0
2020-02-16,Kosovo,1800000,318.0,21697,3.0,238,0.0,0.0
2023-06-16,Kosovo,1800000,577.0,732910,7.0,8156,1087.0,637021.0
2022-09-18,Kosovo,1800000,885.0,580886,10.0,6472,1232.0,355567.0
2022-05-26,Kosovo,1800000,433.0,500401,5.0,5571,900.0,237123.0
2022-02-12,Kosovo,1800000,317.0,465581,,5208,808.0,144690.0
2020-01-05,Kosovo,1800000,579.0,3048,7.0,36,0.0,0.0
2022-09-30,Kosovo,1800000,908.0,591730,11.0,6598,1108.0,368492.0
2023-06-27,Kosovo,1800000,621.0,739388,7.0,8227,1070.0,
2020-09-20,Kosovo,1800000,871.0,138049,,1526,0.0,
2023-03-03,Kosovo,1800000,331.0,693549,3.0,7741,1230.0,528271.0
2023-09-01,Kosovo,1800000,860.0,787852,10.0,8776,995.0,716497.0
2021-03-19,Kosovo,1800000,311.0,254171,3.0,2831,82.0,2051.0
2022-09-29,Kosovo,1800000,903.0,590822,10.0,6587,,367384.0
2022-12-13,Kosovo,1800000,741.0,655176,9.0,7322,1077.0,444780.0
2022-04-17,Kosovo,1800000,338.0,486033,3.0,5419,847.0,199625.0
2023-08-02,Kosovo,1800000,749.0,764157,,8506,984.0,685192.0
2020-10-31,Kosovo,1800000,856.0,175460,10.0,1952,,0.0
2023-02-22,Kosovo,1800000,301.0,690698,3.0,7711,993.0,518546.0
2020-11-09,Kosovo,1800000,845.0,183420,10.0,2044,0.0,0.0
2020-05-29,Kosovo,1800000,470.0,57069,5.0,611,0.0,0.0
2021-07-28,Kosovo,1800000,711.0,316342,8.0,3508,342.0,32016.0
2020-02-20,Kosovo,1800000,297.0,22972,3.0,251,0.0,0.0
2023-02-19,Kosovo,1800000,285.0,689797,4.0,7702,1185.0,515609.0
2021-12-27,Kosovo,1800000,611.0,442910,7.0,4954,602.0,110544.0
2022-04-13,Kosovo,1800000,322.0,484744,3.0,5407,1010.0,196150.0
2023-01-20,Kosovo,1800000,,678222,6.0,7580,1159.0,484640.0
2021-04-15,Kosovo,1800000,307.0,262879,3.0,2918,137.0,5206.0
2022-08-29,Kosovo,1800000,819.0,563526,9.0,6275,1109.0,334861.0
2021-10-15,Kosovo,1800000,937.0,383321,11.0,4274,479.0,
2021-02-03,Kosovo,1800000,392.0,239867,4.0,2678,0.0,0.0
2021-05-26,Kosovo,1800000,455.0,278075,4.0,3081,230.0,13131.0
2020-11-16,Kosovo,1800000,,189344,10.0,2112,0.0,0.0
2020-01-20,Kosovo,1800000,466.0,10963,5.0,120,0.0,0.0
2021-11-15,Kosovo,1800000,870.0,410796,11.0,4590,501.0,84065.0
2020-02-05,Kosovo,1800000,,17889,5.0,196,0.0,0.0
2022-06-21,Kosovo,1800000,586.0,513840,6.0,5717,1135.0,263030.0
2022-04-07,Kosovo,1800000,336.0,482846,4.0,5388,948.0,
2023-08-07,Kosovo,1800000,754.0,767899,8.0,8549,1239.0,690666.0
2021-02-11,Kosovo,1800000,331.0,242758,4.0,2710,14.0,56.0
2022-07-09,Kosovo,1800000,685.0,525149,8.0,5844,1230.0,281708.0
2021-06-21,Kosovo,1800000,574.0,291511,6.0,3231,284.0,19953.0
2022-01-28,Kosovo,1800000,427.0,459962,5.0,5146,600.0,133450.0
2022-11-28,Kosovo,1800000,796.0,643597,9.0,7189,1125.0,428762.0
2020-09-02,Kosovo,1800000,847.0,122411,10.0,1349,0.0,0.0
2023-02-01,Kosovo,1800000,,683556,5.0,7636,1222.0,496664.0
2022-02-23,Kosovo,1800000,281.0,469172,3.0,5245,828.0,153648.0
2021-05-04,Kosovo,1800000,385.0,269368,4.0,2988,,8465.0
2020-06-03,Kosovo,1800000,496.0,59470,5.0,637,0.0,0.0
2022-08-19,Kosovo,1800000,792.0,555394,,6184,1121.0,324366.0
2022-05-03,Kosovo,1800000,378.0,491333,4.0,5474,899.0,214863.0
2021-09-17,Kosovo,1800000,874.0,357734,9.0,3980,458.0,
2021-11-16,Kosovo,1800000,857.0,411653,10.0,4600,492.0,84557.0
2021-07-23,Kosovo,1800000,705.0,312733,8.0,3469,376.0,30213.0
2023-10-27,Kosovo,1800000,933.0,838344,10.0,9355,869.0,773675.0
2020-01-18,Kosovo,1800000,517.0,9997,5.0,110,0.0,0.0
2020-05-07,Kosovo,1800000,346.0,48026,3.0,518,0.0,0.0
2022-07-16,Kosovo,1800000,709.0,529868,8.0,5897,898.0,288821.0
2022-09-07,Kosovo,1800000,861.0,571211,10.0,6363,940.0,344092.0
2023-12-07,Kosovo,1800000,776.0,873093,,9751,882.0,
2020-07-09,Kosovo,1800000,656.0,80769,7.0,875,,0.0
2023-02-13,Kosovo,1800000,323.0,687853,4.0,7681,1038.0,509047.0
2022-09-19,Kosovo,1800000,905.0,581791,,6483,1178.0,356745.0
2023-12-01,Kosovo,1800000,791.0,868358,9.0,9695,905.0,810733.0
2023-05-08,Kosovo,1800000,384.0,715167,3.0,7965,1009.0,597476.0
2021-08-29,Kosovo,1800000,820.0,341247,8.0,3789,479.0,44517.0
2020-06-29,Kosovo,1800000,637.0,74128,8.0,800,0.0,0.0
2020-10-28,Kosovo,1800000,912.0,172826,11.0,1921,0.0,0.0
2021-05-11,Kosovo,1800000,343.0,271969,4.0,3016,207.0,9915.0
2023-06-17,Kosovo,1800000,580.0,733490,7.0,8163,1014.0,638035.0
2023-05-12,Kosovo,1800000,404.0,716699,5.0,7982,903.0,601100.0
2023-04-24,Kosovo,1800000,,710080,4.0,7911,1098.0,582375.0
2021-06-01,Kosovo,1800000,478.0,280838,6.0,3113,198.0,14468.0
2022-12-05,Kosovo,1800000,773.0,649124,9.0,7252,1211.0,436026.0
2021-04-21,Kosovo,1800000,,264893,4.0,2941,,6114.0
2020-06-06,Kosovo,1800000,527.0,60998,6.0,655,0.0,0.0
2020-01-17,Kosovo,1800000,509.0,9480,5.0,105,0.0,0.0
2022-12-08,Kosovo,1800000,762.0,651435,8.0,7278,889.0,
2021-06-30,Kosovo,1800000,654.0,297044,8.0,3293,351.0,22626.0
2021-10-20,Kosovo,1800000,897.0,387873,10.0,4326,,69978.0
2023-04-13,Kosovo,1800000,326.0,706499,4.0,7875,,570712.0
2022-10-16,Kosovo,1800000,913.0,606342,10.0,6766,1052.0,384986.0
2023-05-13,Kosovo,1800000,381.0,717080,4.0,7986,1197.0,602297.0
2022-08-17,Kosovo,1800000,775.0,553782,8.0,6167,1094.0,322241.0
2023-10-10,Kosovo,1800000,900.0,822696,10.0,9176,1032.0,756336.0
2020-10-10,Kosovo,1800000,884.0,156387,,1732,0.0,0.0
2022-03-08,Kosovo,1800000,329.0,473282,3.0,5288,863.0,163815.0
2020-08-13,Kosovo,1800000,776.0,106059,9.0,1163,0.0,0.0
2020-01-27,Kosovo,1800000,432.0,14182,5.0,155,,0.0
2021-03-13,Kosovo,1800000,318.0,252225,4.0,2811,62.0,1517.0
2023-11-25,Kosovo,1800000,820.0,863459,9.0,9639,1111.0,804652.0
2020-08-17,Kosovo,1800000,784.0,109171,8.0,1197,0.0,0.0
2020-02-07,Kosovo,1800000,325.0,18592,4.0,205,,
2022-01-19,Kosovo,1800000,519.0,455912,6.0,5101,755.0,127205.0
2022-11-11,Kosovo,1800000,871.0,629344,9.0,7026,1037.0,411030.0
2021-04-14,Kosovo,1800000,318.0,262572,3.0,2915,134.0,5069.0
2023-06-04,Kosovo,1800000,501.0,726487,6.0,8085,,624641.0
2023-12-10,Kosovo,1800000,737.0,875371,8.0,9777,1228.0,820148.0
2021-11-18,Kosovo,1800000,825.0,413332,8.0,4618,519.0,85573.0
2023-09-10,Kosovo,1800000,843.0,795615,10.0,8867,1113.0,726001.0
2021-10-01,Kosovo,1800000,914.0,370444,10.0,4125,558.0,60223.0
2023-08-05,Kosovo,1800000,770.0,766387,9.0,8532,1024.0,688488.0
2023-03-04,Kosovo,1800000,322.0,693871,4.0,7745,951.0,529222.0
2023-05-07,Kosovo,1800000,381.0,714783,4.0,7962,,596467.0
2023-08-26,Kosovo,1800000,835.0,782826,10.0,8719,950.0,710662.0
2022-03-11,Kosovo,1800000,,474213,,5297,946.0,166389.0
2020-06-09,Kosovo,1800000,523.0,62564,6.0,673,0.0,
2022-08-14,Kosovo,1800000,788.0,551418,9.0,6141,1167.0,319119.0
2023-04-01,Kosovo,1800000,,702630,3.0,7835,1179.0,
2022-04-01,Kosovo,1800000,332.0,480835,2.0,5366,923.0,185781.0
2023-05-27,Kosovo,1800000,456.0,722738,4.0,8045,902.0,616078.0
2022-05-27,Kosovo,1800000,445.0,500846,5.0,5576,935.0,
2022-07-02,Kosovo,1800000,608.0,520574,7.0,5791,1164.0,274466.0
2020-06-01,Kosovo,1800000,474.0,58471,5.0,627,,0.0
2023-09-05,Kosovo,1800000,863.0,791287,10.0,8815,1162.0,720660.0
2021-05-24,Kosovo,1800000,427.0,277186,4.0,3072,185.0,12638.0
2023-02-09,Kosovo,1800000,341.0,686539,4.0,7667,1026.0,505008.0
2023-05-14,Kosovo,1800000,,717467,4.0,7990,856.0,603153.0
2020-04-13,Kosovo,1800000,,39807,4.0,431,0.0,0.0
2021-08-09,Kosovo,1800000,753.0,325310,8.0,3609,321.0,36533.0
2023-07-23,Kosovo,1800000,697.0,756789,8.0,8423,845.0,674814.0
2023-02-17,Kosovo,1800000,340.0,689199,4.0,7695,1048.0,513575.0
2020-02-23,Kosovo,1800000,350.0,23951,4.0,261,0.0,0.0
2020-05-31,Kosovo,1800000,481.0,57997,6.0,622,0.0,0.0
2021-02-07,Kosovo,1800000,362.0,241364,4.0,2694,6.0,11.0
2023-11-22,Kosovo,1800000,835.0,860951,10.0,9611,973.0,801323.0
2020-07-26,Kosovo,1800000,732.0,92560,8.0,1010,0.0,0.0
2023-10-18,Kosovo,1800000,916.0,830109,10.0,9260,1228.0,764851.0
2023-01-27,Kosovo,1800000,-1.0,681488,4.0,7614,1077.0,491577.0
2020-01-09,Kosovo,1800000,-1.0,5271,6.0,60,0.0,0.0
2022-10-11,Kosovo,1800000,914.0,601750,11.0,6713,1090.0,380107.0
2023-08-06,Kosovo,1800000,758.0,767145,9.0,8541,939.0,
2022-11-26,Kosovo,1800000,835.0,641984,9.0,7170,,426667.0
2021-03-28,Kosovo,1800000,316.0,257054,3.0,2859,127.0,2943.0
10/09/2020,Kosovo,1800000,860.0,129251,9.0,1426,,0.0
2022-06-15,Kosovo,1800000,552.0,510356,6.0,5680,915.0,256800.0
2023-07-04,Kosovo,1800000,662.0,743805,7.0,8275,1099.0,655787.0
2022-05-30,Kosovo,1800000,421.0,502194,4.0,5590,923.0,241280.0
2023-10-14,Kosovo,1800000,931.0,826462,11.0,9220,1089.0,760489.0
2021-09-15,Kosovo,1800000,897.0,355960,11.0,3961,396.0,52121.0
2020-12-11,Kosovo,1800000,741.0,209331,9.0,2339,0.0,0.0
2023-06-12,Kosovo,1800000,565.0,730674,6.0,8130,841.0,632932.0
2020-09-19,Kosovo,1800000,-1.0,137178,9.0,1516,0.0,0.0
2020-05-30,Kosovo,1800000,447.0,57516,5.0,616,0.0,0.0
2021-04-17,Kosovo,1800000,340.0,263524,4.0,2925,132.0,5490.0
2021-10-02,Kosovo,1800000,923.0,371367,,4135,547.0,60770.0
2023-12-22,Kosovo,1800000,695.0,883936,8.0,9873,979.0,833084.0
2023-10-11,Kosovo,1800000,958.0,823654,12.0,9188,922.0,757258.0
2021-07-04,Kosovo,1800000,,299618,7.0,3321,303.0,23953.0
2022-07-17,Kosovo,1800000,702.0,530570,8.0,5905,953.0,289774.0
2021-05-03,Kosovo,1800000,335.0,268983,4.0,2984,200.0,8250.0
2023-08-19,Kosovo,1800000,768.0,777130,9.0,8654,1170.0,
2023-03-17,Kosovo,1800000,325.0,697925,3.0,7786,1057.0,542944.0
2020-05-26,Kosovo,1800000,427.0,55683,5.0,596,0.0,
2021-02-06,Kosovo,1800000,353.0,241002,4.0,2690,4.0,5.0
2022-08-12,Kosovo,1800000,,549861,8.0,6124,1196.0,316996.0
2023-10-06,  Kosovo  ,1800000,924.0,819058,11.0,9135,891.0,752294.0
2021-10-21,Kosovo,1800000,938.0,388811,11.0,4337,648.0,70626.0
2021-04-08,Kosovo,1800000,337.0,260611,3.0,2897,121.0,4249.0
2020-07-05,Kosovo,1800000,681.0,78031,8.0,844,0.0,0.0
2023-02-21,Kosovo,1800000,308.0,690397,3.0,7708,1089.0,517553.0
2023-05-09,Kosovo,1800000,372.0,715539,4.0,7969,1009.0,
2021-08-31,Kosovo,1800000,813.0,342887,9.0,3808,493.0,45474.0
2020-05-23,Kosovo,1800000,416.0,54398,5.0,583,0.0,0.0
2022-01-21,Kosovo,1800000,472.0,456849,5.0,5111,729.0,128668.0
08/09/2022,Kosovo,1800000,874.0,572085,10.0,6373,1001.0,345093.0
2020-07-16,Kosovo,1800000,718.0,85523,8.0,931,0.0,0.0
2022-06-02,Kosovo,1800000,480.0,503602,5.0,5604,1195.0,244768.0
2020-10-06,Kosovo,1800000,928.0,152697,10.0,1689,0.0,0.0
2020-10-20,Kosovo,1800000,904.0,165535,10.0,1839,0.0,0.0
2023-08-27,Kosovo,1800000,840.0,783666,9.0,8728,852.0,711514.0
2021-02-04,Kosovo,1800000,402.0,240269,4.0,2682,0.0,0.0
2020-05-02,Kosovo,1800000,338.0,46175,3.0,499,,0.0
2023-04-22,Kosovo,1800000,360.0,709403,4.0,7904,1235.0,580052.0
2020-07-21,Kosovo,1800000,704.0,88984,8.0,970,0.0,0.0
2022-04-15,Kosovo,1800000,294.0,485357,,5413,811.0,197712.0
2020-09-03,Kosovo,1800000,851.0,123262,9.0,1358,0.0,0.0
2023-10-23,Kosovo,1800000,902.0,834705,11.0,9314,1148.0,769878.0
2023-10-09,Kosovo,1800000,888.0,821796,10.0,9166,1083.0,755304.0
2023-02-27,Kosovo,1800000,317.0,692271,4.0,7729,1158.0,523852.0
2021-01-19,Kosovo,1800000,478.0,233260,6.0,2606,0.0,0.0
2023-07-17,Kosovo,1800000,723.0,752579,8.0,8374,971.0,668598.0
2022-05-04,Kosovo,1800000,364.0,491697,5.0,5479,905.0,215768.0
2020-08-07,Kosovo,1800000,720.0,101519,8.0,1112,0.0,0.0
2021-10-03,Kosovo,1800000,898.0,372265,,4145,474.0,61244.0
2020-01-02,Kosovo,1800000,622.0,1248,8.0,15,0.0,0.0
2020-04-22,Kosovo,1800000,320.0,42774,4.0,464,0.0,0.0
2021-11-29,Kosovo,1800000,773.0,422400,9.0,4722,695.0,92354.0
2023-10-30,Kosovo,1800000,915.0,841045,11.0,9386,1168.0,776636.0
2022-08-09,Kosovo,1800000,776.0,547532,9.0,6098,1063.0,313539.0
2023-07-12,Kosovo,1800000,693.0,749166,9.0,8335,,663699.0
2023-08-16,Kosovo,1800000,785.0,774746,9.0,8626,903.0,699934.0
2021-03-17,Kosovo,1800000,323.0,253520,4.0,2825,101.0,1867.0
2023-02-10,Kosovo,1800000,333.0,686872,3.0,7670,1038.0,506046.0
2023-06-10,Kosovo,1800000,,729573,6.0,8118,919.0,
2021-10-25,Kosovo,1800000,937.0,392515,11.0,4380,479.0,72612.0
2023-09-04,Kosovo,1800000,873.0,790424,10.0,8805,1066.0,719498.0
2023-06-11,  Kosovo  ,1800000,536.0,730109,6.0,8124,1178.0,632091.0
2023-07-25,Kosovo,1800000,717.0,758218,8.0,8438,887.0,676793.0
2020-11-13,Kosovo,1800000,838.0,186804,9.0,2083,0.0,0.0
2021-10-10,Kosovo,1800000,951.0,378707,11.0,4220,414.0,64765.0
2021-12-10,Kosovo,1800000,750.0,431093,9.0,4822,,99269.0
2023-07-06,Kosovo,1800000,680.0,745135,7.0,8289,1067.0,657993.0
2022-08-30,Kosovo,1800000,840.0,564366,,6285,867.0,335728.0
2021-09-19,Kosovo,1800000,,359534,10.0,4000,547.0,
2021-09-24,Kosovo,1800000,914.0,364067,10.0,4052,,56539.0
2023-06-02,Kosovo,1800000,474.0,725526,,8074,931.0,622347.0
2023-11-29,Kosovo,1800000,816.0,866764,9.0,9677,905.0,808795.0
2023-06-08,Kosovo,1800000,511.0,728531,5.0,8107,1093.0,629021.0
2023-09-15,Kosovo,1800000,887.0,799964,10.0,8916,861.0,730994.0
2022-03-06,Kosovo,1800000,315.0,472669,3.0,5282,712.0,161993.0
2021-10-07,Kosovo,1800000,934.0,375925,11.0,4188,613.0,63299.0
2022-10-09,Kosovo,1800000,896.0,599899,10.0,6691,1193.0,377824.0
2021-07-10,Kosovo,1800000,680.0,303663,8.0,3366,278.0,25781.0
2021-11-12,Kosovo,1800000,866.0,408244,10.0,4561,612.0,82385.0
2021-07-31,Kosovo,1800000,736.0,318550,9.0,3533,442.0,33177.0
2023-01-14,Kosovo,1800000,521.0,675214,5.0,7546,,478556.0
2023-06-20,Kosovo,1800000,568.0,735204,,8182,860.0,
2023-03-29,Kosovo,1800000,286.0,701689,3.0,7826,856.0,
2021-06-08,Kosovo,1800000,534.0,284344,6.0,3152,286.0,16328.0
2022-11-25,Kosovo,1800000,831.0,641149,10.0,7161,1167.0,425722.0
2021-06-24,Kosovo,1800000,630.0,293319,7.0,3251,,20751.0
2023-04-09,Kosovo,1800000,,705185,3.0,7861,1005.0,566651.0
2022-01-18,Kosovo,1800000,512.0,455393,6.0,5095,710.0,126450.0
2023-09-18,Kosovo,1800000,933.0,802684,11.0,8948,854.0,734155.0
2021-04-29,Kosovo,1800000,342.0,267587,4.0,2970,142.0,7456.0
2020-04-05,Kosovo,1800000,313.0,37229,4.0,403,0.0,0.0
2022-10-17,Kosovo,1800000,891.0,607233,10.0,6776,859.0,385845.0
2021-07-17,Kosovo,1800000,706.0,308478,8.0,3422,344.0,28074.0
,Kosovo,1800000,588.0,734078,6.0,8169,929.0,638964.0
2022-01-12,Kosovo,1800000,536.0,452279,6.0,5059,,122208.0
2022-05-13,Kosovo,1800000,399.0,495112,4.0,5514,956.0,
2022-06-10,Kosovo,1800000,512.0,507626,6.0,5650,,252252.0
2022-11-04,Kosovo,1800000,871.0,623337,10.0,6959,1061.0,403986.0
2020-07-25,Kosovo,1800000,695.0,91828,8.0,1002,0.0,0.0
2021-01-27,Kosovo,1800000,447.0,236983,,2646,0.0,0.0
2022-03-05,Kosovo,1800000,314.0,472354,3.0,5279,670.0,161281.0
2022-05-20,Kosovo,1800000,,497813,4.0,5544,1113.0,231135.0
2021-02-01,Kosovo,1800000,385.0,239078,5.0,2669,0.0,0.0
2022-02-05,Kosovo,1800000,392.0,463149,5.0,5182,705.0,139390.0
2023-09-08,Kosovo,1800000,884.0,793902,11.0,8847,912.0,723734.0
2023-05-26,Kosovo,1800000,385.0,722282,4.0,8041,974.0,
2022-10-25,Kosovo,1800000,911.0,614432,10.0,6858,921.0,393783.0
2021-10-04,Kosovo,1800000,,373190,11.0,4156,405.0,
2021-09-04,Kosovo,1800000,854.0,346326,10.0,3847,474.0,47248.0
2022-08-18,Kosovo,1800000,820.0,554602,9.0,6176,1004.0,323245.0
2021-12-26,Kosovo,1800000,669.0,442299,7.0,4947,731.0,109942.0
2021-11-14,Kosovo,1800000,841.0,409926,9.0,4579,673.0,83564.0
2020-04-08,Kosovo,1800000,306.0,38185,3.0,413,0.0,0.0
2022-03-15,Kosovo,1800000,315.0,475390,3.0,5309,886.0,169894.0
2021-02-10,Kosovo,1800000,,242427,4.0,2706,,42.0
2021-05-17,Kosovo,1800000,,274281,5.0,3041,191.0,11151.0
2022-12-07,Kosovo,1800000,783.0,650673,9.0,7270,1193.0,438295.0
2022-11-22,Kosovo,1800000,819.0,638660,9.0,7132,1012.0,422647.0
2022-07-18,Kosovo,1800000,694.0,531264,8.0,5913,888.0,290662.0
2022-02-18,Kosovo,1800000,,467602,3.0,5228,741.0,149276.0
2020-07-19,  Kosovo  ,1800000,678.0,87571,7.0,954,0.0,0.0
2020-05-14,Kosovo,1800000,382.0,50680,4.0,545,0.0,0.0
2022-11-17,Kosovo,1800000,852.0,634485,10.0,7085,1214.0,417328.0
2020-02-10,Kosovo,1800000,349.0,19669,4.0,216,,0.0
2022-10-14,Kosovo,1800000,936.0,604516,11.0,6745,1050.0,382951.0
2020-08-18,Kosovo,1800000,833.0,110004,10.0,1207,0.0,0.0
2021-01-13,Kosovo,1800000,537.0,230198,6.0,2571,0.0,0.0
2020-10-15,Kosovo,1800000,922.0,160975,11.0,1785,0.0,0.0
2021-02-22,Kosovo,1800000,307.0,246295,3.0,2749,,357.0
2021-01-26,Kosovo,1800000,451.0,236536,5.0,2641,0.0,0.0
2021-08-15,Kosovo,1800000,775.0,329907,9.0,3661,340.0,38893.0
2023-03-08,Kosovo,1800000,308.0,695095,3.0,7758,1222.0,533538.0
2022-12-22,Kosovo,1800000,688.0,661585,7.0,7393,,454638.0
2021-10-09,Kosovo,1800000,925.0,377756,,4209,493.0,64351.0
2023-02-26,Kosovo,1800000,303.0,691954,3.0,7725,843.0,522694.0
2021-06-04,Kosovo,1800000,478.0,282298,5.0,3128,266.0,15234.0
2020-03-05,Kosovo,1800000,318.0,27438,3.0,297,0.0,0.0
2020-01-15,Kosovo,1800000,511.0,8466,6.0,94,0.0,0.0
2023-03-26,Kosovo,1800000,323.0,700793,3.0,7817,1143.0,552083.0
2022-11-30,Kosovo,1800000,821.0,645233,10.0,7208,,430867.0
2021-05-07,Kosovo,1800000,381.0,270485,4.0,3000,223.0,9089.0
2021-01-14,Kosovo,1800000,506.0,230704,6.0,2577,0.0,0.0
2020-07-06,Kosovo,1800000,697.0,78728,8.0,852,0.0,0.0
2022-02-02,Kosovo,1800000,417.0,462021,5.0,5170,755.0,137072.0
2020-08-04,Kosovo,1800000,738.0,99252,9.0,1087,0.0,0.0
2022-03-02,Kosovo,1800000,333.0,471383,4.0,5269,772.0,159089.0
2022-12-12,Kosovo,1800000,762.0,654435,9.0,7313,1096.0,443703.0
2022-05-28,Kosovo,1800000,468.0,501314,5.0,5581,1187.0,239245.0
2020-12-03,Kosovo,1800000,763.0,203221,8.0,2268,0.0,0.0
2021-12-20,Kosovo,1800000,723.0,438289,8.0,4902,706.0,
2020-10-22,Kosovo,1800000,910.0,167371,10.0,1859,0.0,0.0
2022-10-13,Kosovo,1800000,901.0,603580,11.0,6734,884.0,381901.0
2023-06-29,Kosovo,1800000,597.0,740594,7.0,8241,,650354.0
2021-03-31,Kosovo,1800000,298.0,258043,4.0,2869,,3280.0
2020-04-11,Kosovo,1800000,342.0,39178,4.0,424,0.0,0.0
2022-03-26,Kosovo,1800000,309.0,478828,,5346,870.0,179836.0
2020-09-26,Kosovo,1800000,930.0,143497,10.0,1586,0.0,0.0
2022-09-22,Kosovo,1800000,891.0,584511,10.0,6515,990.0,359796.0
2020-07-20,Kosovo,1800000,709.0,88280,8.0,962,,
2020-06-10,Kosovo,1800000,512.0,63076,6.0,679,0.0,0.0
2021-12-30,Kosovo,1800000,632.0,444835,7.0,4976,733.0,112791.0
2021-02-05,Kosovo,1800000,380.0,240649,4.0,2686,1.0,1.0
2021-12-03,Kosovo,1800000,804.0,425654,9.0,4759,,95121.0
2023-02-03,Kosovo,1800000,413.0,684368,4.0,7644,988.0,498546.0
2021-07-19,Kosovo,1800000,736.0,309896,,3437,,28778.0
2022-10-18,Kosovo,1800000,890.0,608123,10.0,6786,926.0,386771.0
2022-10-22,Kosovo,1800000,862.0,611715,10.0,6827,1198.0,391003.0
2023-01-09,Kosovo,1800000,523.0,672587,6.0,7518,,473779.0
2020-07-24,Kosovo,1800000,733.0,91133,8.0,994,0.0,0.0
2020-02-04,  Kosovo  ,1800000,398.0,17498,4.0,191,0.0,0.0
2022-02-14,Kosovo,1800000,321.0,466240,,5215,909.0,146496.0
2021-05-23,Kosovo,1800000,417.0,276759,4.0,3068,264.0,12453.0
2023-12-13,Kosovo,1800000,712.0,877599,8.0,9802,1052.0,823188.0
2023-10-22,Kosovo,1800000,926.0,833803,,9303,1084.0,768730.0
2020-04-01,Kosovo,1800000,302.0,35963,3.0,389,0.0,0.0
2023-09-25,Kosovo,1800000,893.0,808951,10.0,9020,934.0,740999.0
2022-06-16,Kosovo,1800000,553.0,510909,6.0,5686,1228.0,258028.0
2021-07-18,Kosovo,1800000,682.0,309160,7.0,3429,365.0,28439.0
2023-10-01,Kosovo,1800000,927.0,814432,10.0,9082,974.0,747234.0
2022-02-15,Kosovo,1800000,332.0,466572,3.0,5218,672.0,147168.0
2020-08-29,Kosovo,1800000,807.0,119034,9.0,1311,0.0,0.0
2020-01-14,Kosovo,1800000,,7955,6.0,88,,0.0
2020-11-11,Kosovo,1800000,829.0,185111,,2064,0.0,0.0
2021-08-23,Kosovo,1800000,832.0,336343,9.0,3734,356.0,
2021-01-22,Kosovo,1800000,481.0,234725,,2622,0.0,0.0
2023-07-21,Kosovo,1800000,,755377,9.0,8406,1149.0,672829.0
2020-06-15,Kosovo,1800000,557.0,65812,6.0,709,0.0,0.0
2022-04-20,Kosovo,1800000,,486960,3.0,5428,1061.0,202515.0
2020-01-21,Kosovo,1800000,496.0,11459,6.0,126,0.0,0.0
2021-10-08,Kosovo,1800000,906.0,376831,10.0,4198,559.0,63858.0
2023-02-28,Kosovo,1800000,302.0,692573,3.0,7732,847.0,524699.0
2022-04-11,Kosovo,1800000,308.0,484099,3.0,5400,1010.0,194311.0
2023-06-21,Kosovo,1800000,,735797,6.0,8188,1189.0,642109.0
2021-07-16,Kosovo,1800000,685.0,307772,8.0,3414,343.0,27730.0
2023-11-28,Kosovo,1800000,829.0,865948,10.0,9668,1118.0,807890.0
2021-11-17,Kosovo,1800000,854.0,412507,10.0,4610,497.0,85054.0
2022-08-15,Kosovo,1800000,798.0,552216,9.0,6150,1073.0,
2020-07-08,Kosovo,1800000,706.0,80113,8.0,868,0.0,0.0
2022-09-02,Kosovo,1800000,862.0,566931,9.0,6313,1130.0,338889.0
2021-11-30,Kosovo,1800000,836.0,423236,,4732,698.0,93052.0
2021-05-25,Kosovo,1800000,434.0,277620,5.0,3077,263.0,12901.0
2022-12-18,Kosovo,1800000,705.0,658817,8.0,7363,1116.0,450252.0
2021-04-19,Kosovo,1800000,355.0,264227,4.0,2933,177.0,5790.0
2022-05-06,Kosovo,1800000,380.0,492471,4.0,5488,1015.0,217544.0
2022-01-17,Kosovo,1800000,491.0,454881,5.0,5089,803.0,125740.0
2020-09-09,Kosovo,1800000,856.0,128391,10.0,1417,0.0,0.0
2020-01-22,Kosovo,1800000,474.0,11933,5.0,131,0.0,0.0
2023-08-30,Kosovo,1800000,827.0,786173,9.0,8756,1018.0,714645.0
2021-04-04,Kosovo,1800000,325.0,259354,4.0,2884,137.0,3777.0
2023-03-30,Kosovo,1800000,323.0,702012,3.0,7829,1026.0,556249.0
2020-10-03,Kosovo,1800000,940.0,149931,11.0,1659,,0.0
,Kosovo,1800000,769.0,550630,8.0,6132,956.0,317952.0
2023-04-30,Kosovo,1800000,,712199,4.0,7935,1049.0,588759.0
2021-01-20,Kosovo,1800000,496.0,233756,5.0,2611,0.0,0.0
2022-03-16,Kosovo,1800000,-1.0,475663,,5312,1012.0,170906.0
2023-12-08,Kosovo,1800000,781.0,873874,9.0,9760,854.0,817822.0
2020-12-09,Kosovo,1800000,754.0,207824,8.0,2321,0.0,0.0
2022-02-08,Kosovo,1800000,354.0,464234,3.0,5193,756.0,141662.0
2023-08-25,Kosovo,1800000,822.0,781991,9.0,8709,1098.0,709712.0
2020-05-10,Kosovo,1800000,364.0,49175,4.0,530,0.0,0.0
2022-05-21,Kosovo,1800000,403.0,498216,4.0,5548,980.0,232115.0
2023-01-28,Kosovo,1800000,471.0,681959,5.0,7619,931.0,492508.0
2023-10-28,Kosovo,1800000,870.0,839214,10.0,9365,953.0,774628.0
2020-03-28,Kosovo,1800000,325.0,34692,4.0,375,0.0,0.0
2020-11-26,Kosovo,1800000,808.0,197683,9.0,2205,0.0,0.0
2023-05-23,Kosovo,1800000,431.0,721030,4.0,8028,1223.0,612370.0
2021-04-11,  Kosovo  ,1800000,,261583,3.0,2905,157.0,4657.0
2020-05-01,Kosovo,1800000,366.0,45837,4.0,496,0.0,0.0
10/11/2022,Kosovo,1800000,884.0,628473,10.0,7017,838.0,
2022-12-31,Kosovo,1800000,597.0,667401,7.0,7460,1195.0,463920.0
2023-02-04,Kosovo,1800000,387.0,684755,4.0,7648,,499734.0
2023-07-18,Kosovo,1800000,,753267,,8381,1116.0,669714.0
2022-05-10,Kosovo,1800000,330.0,493932,3.0,5503,944.0,221509.0
2023-12-30,Kosovo,1800000,612.0,889031,6.0,9928,1117.0,841307.0
2023-01-31,Kosovo,1800000,,683161,4.0,7631,911.0,495442.0
